table,we_read,row_count,saldo_col,total_usd,total_mmusd,all_cols,file,period
ATRASOS,False,9648,Monto en M de Origem,158858163793.73764,158858.2,Tipo de Deuda; Nombre de la Operación; Moneda del Prestamo; Fecha de Servicio; TIPO MORA; Monto en M de Origem; dolares,basesigade 2007-06-30.mdb,06/2007
DEUDA NO PRESENTADA AL CANJE NO VENCIDA,True,44,Saldo en Dólares,8555395455.427808,8555.4,Tipo de Deuda; Nombre de la Operación; Fecha de Firma; Moneda del Prestamo; Tipo de Tasa; Saldo en Moneda del Prestamo; Saldo en Dólares,basesigade 2007-06-30.mdb,06/2007
DEUDA NO PRESENTADA AL CANJE VENCIDA,True,5163,dolares,18469358475.026165,18469.4,Tipo de Deuda; Nombre de la Operación; Moneda del Prestamo; Fecha de Servicio; TIPO MORA; dolares,basesigade 2007-06-30.mdb,06/2007
SALDOS,True,743,saldo en dolares,142085331847.32562,142085.3,Tipo de Deuda; Nombre de la Operacion; Fecha de Firma; Tipo de Tasa; Moneda del prestamo; Saldo en la Moneda del Prestamo; saldo en dolares,basesigade 2007-06-30.mdb,06/2007
TIPO DE CAMBIO,False,16,,,,Fecha; Moneda; Tipo de Cambio,basesigade 2007-06-30.mdb,06/2007
VENCIMIENTOS DE LA DEUDA A REESTRUCTURAR,True,1153,Principal en dolares,1569144643.5638213,1569.1,Tipo de Deuda; Nombre de la Operación; Moneda; Tasa; Fecha de Servicio; Día; Mes; Año; Principal en Moneda del Prestamo; Interes en Moneda del Prestamo; Principal en dolares; Interes en dolares,basesigade 2007-06-30.mdb,06/2007
VENCIMIENTOS DE LA DEUDA EN SITUACION DE PAGO NORMAL,True,18746,Principal en dolares,131960791680.24962,131960.8,Tipo de Deuda; Nombre de la Operación; Moneda; Tasa; Fecha de Servicio; Día; Mes; Año; Principal en Moneda del Prestamo; Interes en Moneda del Prestamo; Principal en dolares; Interes en dolares,basesigade 2007-06-30.mdb,06/2007
ATRASOS,False,9789,Monto en M de Origem,159589632150.4106,159589.6,Tipo de Deuda; Nombre de la Operación; Moneda del Prestamo; Fecha de Servicio; TIPO MORA; Monto en M de Origem; dolares,basesigade 2007-09-30.mdb,09/2007
DEUDA NO PRESENTADA AL CANJE NO VENCIDA,True,40,Saldo en Dólares,8279367558.929896,8279.4,Tipo de Deuda; Nombre de la Operación; Moneda del Prestamo; Tipo de Tasa; Saldo en Moneda del Prestamo; Fecha de Firma; Saldo en Dólares,basesigade 2007-09-30.mdb,09/2007
DEUDA NO PRESENTADA LA CANJE VENCIDA,True,5225,dolares,19813645862.549446,19813.6,Tipo de Deuda; Nombre de la Operación; Moneda del Prestamo; Fecha de Servicio; TIPO MORA; dolares,basesigade 2007-09-30.mdb,09/2007
SALDOS,True,730,saldo en dolares,140335674782.08243,140335.7,Tipo de Deuda; Nombre de la Operacion; Tipo de Tasa; Moneda del prestamo; Saldo en la Moneda del Prestamo; Fecha de Firma; saldo en dolares,basesigade 2007-09-30.mdb,09/2007
TIPO DE CAMBIO,False,16,,,,FECHA; MONEDA; TIPO DE CAMBO,basesigade 2007-09-30.mdb,09/2007
VENCIMIENTOS DE LA DEUDA A REESTRUCTURAR,True,1101,Principal en dolares,1539997352.0290692,1540.0,Tipo de Deuda; Nombre de la Operación; Día; Año; Mes; TAsa; Moneda; Fecha de Servicio; Principal en Moneda del Prestamo; Interes en Moneda del Prestamo; Principal en dolares; Interes en dolares,basesigade 2007-09-30.mdb,09/2007
VENCIMIENTOS DE LA DEUDA EN SITUACION DE PAGO NORMAL,True,18305,Principal en dolares,130516309779.4653,130516.3,Tipo de Deuda; Nombre de la Operación; Día; Año; Mes; TAsa; Moneda; Fecha de Servicio; Principal en Moneda del Prestamo; Interes en Moneda del Prestamo; Principal en dolares; Interes en dolares,basesigade 2007-09-30.mdb,09/2007
ATRASOS,False,10017,Monto en M de Origem,167492084724.76053,167492.1,Tipo de Deuda; Nombre de la Operación; Moneda del Prestamo; Fecha de Servicio; TIPO MORA; Monto en M de Origem; dolares,basesigade 2007-12-31.mdb,12/2007
DEUDA NO PRESENTADA AL CANJE NO VENCIDA,True,41,Saldo en Dólares,8318317407.137924,8318.3,Tipo de Deuda; Nombre de la Operación; Moneda del Prestamo; Tipo de Tasa; Saldo en Moneda del Prestamo; Fecha de Firma; Saldo en Dólares,basesigade 2007-12-31.mdb,12/2007
DEUDA NO PRESENTADA AL CANJE VENCIDA,True,5263,dolares,20538689797.35046,20538.7,Tipo de Deuda; Nombre de la Operación; Moneda del Prestamo; Fecha de Servicio; TIPO MORA; dolares,basesigade 2007-12-31.mdb,12/2007
SALDOS,True,742,saldo en dolares,147557806334.38297,147557.8,Tipo de Deuda; Nombre de la Operacion; Tipo de Tasa; Moneda del prestamo; Saldo en la Moneda del Prestamo; Fecha de Firma; saldo en dolares,basesigade 2007-12-31.mdb,12/2007
TIPO DE CAMBIO,False,16,,,,FECHA; MONEDA; TIPO DE CAMBIO,basesigade 2007-12-31.mdb,12/2007
VENCIMIENTOS DE LA DEUDA A REESTRUCTURAR,True,1007,Principal en dolares,1262309213.9455562,1262.3,Tipo de Deuda; Nombre de la Operación; Día; Año; Mes; TAsa; Moneda; Fecha de Servicio; Principal en Moneda del Prestamo; Interes en Moneda del Prestamo; Principal en dolares; Interes en dolares,basesigade 2007-12-31.mdb,12/2007
VENCIMIENTOS DE LA DEUDA EN SITUACION DE PAGO NORMAL,True,17723,Principal en dolares,137977179839.91214,137977.2,Tipo de Deuda; Nombre de la Operación; Día; Año; Mes; TAsa; Moneda; Fecha de Servicio; Principal en Moneda del Prestamo; Interes en Moneda del Prestamo; Principal en dolares; Interes en dolares,basesigade 2007-12-31.mdb,12/2007
ATRASOS,False,9929,Monto en M de Origem,168692106366.84897,168692.1,Tipo de Deuda; Nombre de la Operación; Moneda del Prestamo; Fecha de Servicio; TIPO MORA; Monto en M de Origem; dolares,basesigade 2008-03-31.mdb,03/2008
DEUDA NO PRESENTADA AL CANJE NO VENCIDA,True,36,Saldo en Dólares,7623591271.894732,7623.6,Tipo de Deuda; Nombre de la Operación; Moneda del Prestamo; Tipo de Tasa; Saldo en Moneda del Prestamo; Fecha de Firma; Saldo en Dólares,basesigade 2008-03-31.mdb,03/2008
DEUDA NO PRESENTADA AL CANJE VENCIDA,True,5109,dolares,22711154293.77673,22711.2,Tipo de Deuda; Nombre de la Operación; Moneda del Prestamo; Fecha de Servicio; TIPO MORA; dolares,basesigade 2008-03-31.mdb,03/2008
SALDOS,True,732,saldo en dolares,146184605132.14435,146184.6,Tipo de Deuda; Nombre de la Operacion; Tipo de Tasa; Moneda del prestamo; Saldo en la Moneda del Prestamo; Fecha de Firma; saldo en dolares,basesigade 2008-03-31.mdb,03/2008
Tipo de cambio,False,16,,,,Fecha; Moneda; Tipo de Cambio; Descripción,basesigade 2008-03-31.mdb,03/2008
VENCIMIENTOS DE LA DEUDA A REESTRUCTURAR,True,967,Principal en dolares,1227946993.3565862,1227.9,Tipo de Deuda; Nombre de la Operación; Día; Año; Mes; TAsa; Moneda; Fecha de Servicio; Principal en Moneda del Prestamo; Interes en Moneda del Prestamo; Principal en dolares; Interes en dolares,basesigade 2008-03-31.mdb,03/2008
VENCIMIENTOS DE LA DEUDA EN SITUACION DE PAGO NORMAL,True,17264,Principal en dolares,137333066890.66844,137333.1,Tipo de Deuda; Nombre de la Operación; Día; Año; Mes; Tasa; Moneda; Fecha de Servicio; Principal en Moneda del Prestamo; Interes en Moneda del Prestamo; Principal en dolares; Interes en dolares,basesigade 2008-03-31.mdb,03/2008
ATRASOS,False,10122,Monto en Moneda del Prestamo,176763758901.6268,176763.8,Tipo de Deuda; Nombre de la Operación; Moneda del Prestamo; Fecha de Servicio; TIPO MORA; Monto en Moneda del Prestamo; dolares,basesigade 2008-06-30.mdb,06/2008
DEUDA NO PRESENTADA AL CANJE NO VENCIDA,True,35,Saldo en Dólares,7050253340.488577,7050.3,Tipo de Deuda; Nombre de la Operación; Moneda del Prestamo; Tipo de Tasa; Saldo en Moneda del Prestamo; Fecha de Firma; Saldo en Dólares,basesigade 2008-06-30.mdb,06/2008
DEUDA NO PRESENTADA AL CANJE VENCIDA,True,5148,Monto en Moneda del Prestamo,35400086681.60993,35400.1,Tipo de Deuda; Nombre de la Operación; Moneda del Prestamo; Fecha de Servicio; TIPO MORA; Monto en Moneda del Prestamo; dolares,basesigade 2008-06-30.mdb,06/2008
SALDOS,True,700,saldo en dolares,150743989273.12607,150744.0,Tipo de Deuda; Nombre de la Operacion; Tipo de Tasa; Moneda del prestamo; Fecha de Firma; Saldo en la Moneda del Prestamo; saldo en dolares,basesigade 2008-06-30.mdb,06/2008
TIPO DE CAMBIO,False,16,,,,Fecha; Moneda; Tipo de Cambio,basesigade 2008-06-30.mdb,06/2008
VENCIMIENTOS DE LA DEUDA A REESTRUCTURAR,True,873,Principal en dolares,914454959.4063473,914.5,Tipo de Deuda; Nombre de la Operación; Día; Año; Mes; Tasa; Moneda; Fecha de Servicio; Principal en Moneda del Prestamo; Interes en Moneda del Prestamo; Principal en dolares; Interes en dolares,basesigade 2008-06-30.mdb,06/2008
VENCIMIENTOS DE LA DEUDA EN SITUACION DE PAGO NORMAL,True,16911,Principal en dolares,142779280999.71005,142779.3,Tipo de Deuda; Nombre de la Operación; Día; Año; Mes; Tasa; Moneda; Fecha de Servicio; Principal en Moneda del Prestamo; Interes en Moneda del Prestamo; Principal en dolares; Interes en dolares,basesigade 2008-06-30.mdb,06/2008
ATRASOS,False,10249,Monto en Moneda del Prestamo,177984132306.99557,177984.1,Tipo de Deuda; Nombre de la Operación; Descripcion; Moneda del Prestamo; Fecha de Servicio; TIPO MORA; Monto en Moneda del Prestamo; dolares,basesigade 2008-09-30.mdb,09/2008
DEUDA NO PRESENTADA AL CANJE NO VENCIDA,True,34,Saldo en Dólares,6185922675.784323,6185.9,Tipo de Deuda; Nombre de la Operación; Moneda del Prestamo; Tipo de Tasa; Saldo en Moneda del Prestamo; Fecha de Firma; Saldo en Dólares,basesigade 2008-09-30.mdb,09/2008
DEUDA NO PRESENTADA AL CANJE VENCIDA,True,5188,Monto en Moneda del Prestamo,36241700237.709915,36241.7,Tipo de Deuda; Nombre de la Operación; Moneda del Prestamo; Fecha de Servicio; TIPO MORA; Monto en Moneda del Prestamo; dolares,basesigade 2008-09-30.mdb,09/2008
SALDOS,True,702,saldo en dolares,146056459371.39096,146056.5,Tipo de Deuda; Nombre de la Operacion; Tipo de Tasa; Moneda del prestamo; Fecha de Firma; Saldo en la Moneda del Prestamo; saldo en dolares,basesigade 2008-09-30.mdb,09/2008
TIPO DE CAMBIO,False,16,,,,Fecha; Moneda; Tipo de Cambio,basesigade 2008-09-30.mdb,09/2008
VENCIMIENTOS DE LA DEUDA A REESTRUCTURAR,True,836,Principal en dolares,855128036.1552666,855.1,Tipo de Deuda; Nombre de la Operación; Día; Año; Mes; Tasa; Moneda; Fecha de Servicio; Principal en Moneda del Prestamo; Interes en Moneda del Prestamo; Principal en dolares; Interes en dolares,basesigade 2008-09-30.mdb,09/2008
VENCIMIENTOS DE LA DEUDA EN SITUACION DE PAGO NORMAL,True,16640,Principal en dolares,139015408668.44122,139015.4,Tipo de Deuda; Nombre de la Operación; Día; Año; Mes; Tasa; Moneda; Fecha de Servicio; Principal en Moneda del Prestamo; Interes en Moneda del Prestamo; Principal en dolares; Interes en dolares,basesigade 2008-09-30.mdb,09/2008
ATRASOS,False,10439,Monto en Moneda del Prestamo,184089333867.49274,184089.3,Tipo de Deuda; Nombre de la Operación; Descripcion; Moneda del Prestamo; Fecha de Servicio; TIPO MORA; Monto en Moneda del Prestamo; dolares,basesigade 2008-12-30.mdb,12/2008
DEUDA NO PRESENTADA AL CANJE NO VENCIDA,True,148,Saldo en Dólares,6013752177.4396925,6013.8,Tipo de Deuda; Nombre de la Operación; Moneda del Prestamo; Tipo de Tasa; Saldo en Moneda del Prestamo; Fecha de Firma; Saldo en Dólares,basesigade 2008-12-30.mdb,12/2008
DEUDA NO PRESENTADA AL CANJE VENCIDA,True,5228,Monto en Moneda del Prestamo,36583146941.11486,36583.1,Tipo de Deuda; Nombre de la Operación; Moneda del Prestamo; Fecha de Servicio; TIPO MORA; Monto en Moneda del Prestamo; dolares,basesigade 2008-12-30.mdb,12/2008
SALDOS,True,703,saldo en dolares,145649714764.23892,145649.7,Tipo de Deuda; Nombre de la Operacion; Tipo de Tasa; Moneda del prestamo; Fecha de Firma; Saldo en la Moneda del Prestamo; saldo en dolares,basesigade 2008-12-30.mdb,12/2008
TIPO DE CAMBIO,False,16,,,,D_EFF; Moneda; RATE,basesigade 2008-12-30.mdb,12/2008
VENCIMIENTOS DE LA DEUDA A REESTRUCTURAR,True,760,Principal en dolares,589938442.50161,589.9,Tipo de Deuda; Nombre de la Operación; Día; Año; Mes; Tasa; Moneda; Fecha de Servicio; Principal en Moneda del Prestamo; Interes en Moneda del Prestamo; Principal en dolares; Interes en dolares,basesigade 2008-12-30.mdb,12/2008
VENCIMIENTOS DE LA DEUDA EN SITUACION DE PAGO NORMAL,True,16300,Principal en dolares,139046024117.19385,139046.0,Tipo de Deuda; Nombre de la Operación; Día; Año; Mes; Tasa; Moneda; Fecha de Servicio; Principal en Moneda del Prestamo; Interes en Moneda del Prestamo; Principal en dolares; Interes en dolares,basesigade 2008-12-30.mdb,12/2008
Atrasos,False,65533,Monto en Moneda del Prestamo,186266718835.65546,186266.7,Tipo de Deuda; Nombre de la Operación; Moneda del Prestamo; Descripcion; Fecha de Servicio; TIPO MORA; Monto en Moneda del Prestamo; dolares,basesigade 2009-06-30.mdb,06/2009
Deuda no Presentada al Canje no Vencida,True,148,Saldo en Dólares,5226187395.159713,5226.2,Tipo de Deuda; Nombre de la Operación; Moneda del Prestamo; Descripcion; Tipo de Tasa; Saldo en Moneda del Prestamo; Fecha de Firma; Saldo en Dólares,basesigade 2009-06-30.mdb,06/2009
Deuda no Presentada al Canje Vencida,True,5299,Monto en Moneda del Prestamo,37518823697.07477,37518.8,Tipo de Deuda; Nombre de la Operación; Fecha de Servicio; Moneda del Tramo; Descripcion; TIPO MORA; Monto en Moneda del Prestamo; dolares,basesigade 2009-06-30.mdb,06/2009
Saldos,True,691,saldo en dolares,139664105712.9279,139664.1,Tipo de Deuda; Nombre de la Operacion; Tipo de Tasa; Moneda del Prestamo; Descripcion; Fecha de Firma; Saldo en Moneda de Origen; saldo en dolares,basesigade 2009-06-30.mdb,06/2009
Tipo de Cambio,False,16,,,,Fecha; Moneda; Descripcion; Tipo de Cambio,basesigade 2009-06-30.mdb,06/2009
Vencimientos de la Deuda a Reestructurar,True,702,Principal en dolares,529604286.77247596,529.6,Tipo de Deuda; Nombre de la Operación; Día; Año; Mes; Tasa; Moneda de Origen; Descripcion; Fecha de Servicio; Principal en Moneda del Prestamo; Interes en Moneda del Prestamo; Principal en dolares; Interes en dolares,basesigade 2009-06-30.mdb,06/2009
Vencimientos de la Deuda en Situación de Pago Normal,True,16108,Principal en dolares,133908314016.09323,133908.3,Tipo de Deuda; Nombre de la Operación; Día; Año; Mes; Tasa; Moneda de Origen; Descripcion; Fecha de Servicio; Principal en Moneda del Prestamo; Interes en Moneda del Prestamo; Principal en dolares; Interes en dolares,basesigade 2009-06-30.mdb,06/2009
Atrasos,False,10702,Monto en Moneda de Origen,189329756263.71466,189329.8,Tipo de Deuda; Nombre de la Operación; Moneda del Prestamo; Descripcion; Fecha de Servicio; TIPO MORA; Monto en Moneda de Origen; dolares,basesigade 2009-09-30.mdb,09/2009
Deuda no Presentada al Canje no Vencida,True,148,Saldo en Dólares,5271925019.11594,5271.9,Tipo de Deuda; Nombre de la Operación; Moneda del Prestamo; Descripcion; Tipo de Tasa; Saldo en Moneda del Prestamo; Fecha de Firma; Saldo en Dólares,basesigade 2009-09-30.mdb,09/2009
Deuda no Presentada al Canje Vencida,True,5338,Monto en Moneda del Prestamo,40268745133.59477,40268.7,Tipo de Deuda; Nombre de la Operación; Fecha de Servicio; Moneda del Tramo; Descripcion; TIPO MORA; Monto en Moneda del Prestamo; dolares,basesigade 2009-09-30.mdb,09/2009
Saldos,True,792,saldo en dolares,140517034143.05273,140517.0,Tipo de Deuda; Nombre de la Operacion; Tipo de Tasa; Moneda del Prestamo; Descripcion; Fecha de Firma; Saldo en Moneda de Origen; saldo en dolares,basesigade 2009-09-30.mdb,09/2009
Tipo de Cambio,False,16,,,,Fecha; Moneda; Tipo de Cambio; Descripcion,basesigade 2009-09-30.mdb,09/2009
Vencimientos de la Deuda a Reestructurar,True,665,Principal en dolares,512082892.0699325,512.1,Tipo de Deuda; Nombre de la Operación; Día; Año; Mes; Tasa; Moneda de Origen; Descripcion; Fecha de Servicio; Principal en Moneda del Prestamo; Interes en Moneda del Prestamo; Principal en dolares; Interes en dolares,basesigade 2009-09-30.mdb,09/2009
Vencimientos de la Deuda en Situación de Pago Normal,True,17921,Principal en dolares,134733026201.67818,134733.0,Tipo de Deuda; Nombre de la Operación; Día; Año; Mes; Tasa; Moneda de Origen; Descripcion; Fecha de Servicio; Principal en Moneda del Prestamo; Interes en Moneda del Prestamo; Principal en dolares; Interes en dolares,basesigade 2009-09-30.mdb,09/2009
Atrasos,False,10747,Monto en M de Origen,190609260674.6633,190609.3,Tipo de Deuda; Nombre de la Operación; Moneda del Prestamo; Descripcion; Fecha de Servicio; TIPO MORA; Monto en M de Origen; dolares,basesigade 2009-12-31.mdb,12/2009
Deuda no Presentada al Canje no Vencida,True,149,SumaDesaldo en dolares,4762429242.623854,4762.4,Tipo de Deuda; Nombre de la Operación; Moneda del Prestamo; Descripcion; Tipo de Tasa; Fecha de Firma; Saldo en Moneda del Prestamo; SumaDesaldo en dolares,basesigade 2009-12-31.mdb,12/2009
Deuda no Presentada al Canje Vencida,True,4245,Saldo en Dólares,25045619345.254387,25045.6,Tipo de Deuda; Nombre de la Operación; Fecha de Servicio; Moneda del Tramo; Descripcion; TIPO MORA; Monto en M de Origen; Saldo en Dólares,basesigade 2009-12-31.mdb,12/2009
Saldos,True,498,Saldo en Dolares,145636857594.37503,145636.9,Tipo de Deuda; Nombre de la Operacion; Tipo de Tasa; Moneda del Prestamo; Descripcion; Fecha de Firma; Saldo en Moneda de Origen; Saldo en Dolares,basesigade 2009-12-31.mdb,12/2009
Tipo de Cambio,False,16,,,,Fecha; Moneda; Tipo de Cambio; Descripcion,basesigade 2009-12-31.mdb,12/2009
Vencimientos de Deuda a Reestructurar,True,593,Principal en dolares,475868425.472539,475.9,Tipo de Deuda; Nombre de la Operación; Tipo de TAsa; Día; Año; Mes; Moneda de Origen; Descripcion; Fecha de Servicio; Principal en Moneda del Prestamo; Interes en Moneda del Prestamo; Principal en dolares; Interes en dolares,basesigade 2009-12-31.mdb,12/2009
Vencimientos de Deuda en Situacion de Pago Normal,True,11276,Principal en dolares,140398559898.49304,140398.6,Tipo de Deuda; Nombre de la Operacion; Día; Año; Mes; Tipo de Tasa; Moneda de Origen; Descripcion; Fecha de Servicio; Principal en Moneda del Prestamo; Interes en Moneda del Prestamo; Principal en dolares; Interes en dolares,basesigade 2009-12-31.mdb,12/2009
Atrasos,False,10829,Monto en M de Origen,191262625637.72495,191262.6,Tipo de Deuda; Nombre de la Operación; Moneda del Prestamo; Descripcion; Fecha de Servicio; TIPO MORA; Monto en M de Origen; dolares,basesigade 2010-03-31.mdb,03/2010
Deuda no presentada al Canje no Vencida,True,149,SumaDesaldo en dolares,4486313569.512768,4486.3,Tipo de Deuda; Nombre de la Operación; Moneda del Prestamo; Descripcion; Tipo de Tasa; Fecha de Firma; Saldo en Moneda del Prestamo; SumaDesaldo en dolares,basesigade 2010-03-31.mdb,03/2010
Deuda no Presentada al Canje Vencida,True,4276,Monto en M de Origen,41036113879.11489,41036.1,Tipo de Deuda; Nombre de la Operación; Fecha de Servicio; Moneda del Tramo; Descripcion; TIPO MORA; Monto en M de Origen; Monto en Dólares,basesigade 2010-03-31.mdb,03/2010
Saldos,True,486,Saldo en dolares,150156243460.6447,150156.2,Tipo de Deuda; Nombre de la Operacion; Tipo de Tasa; Moneda del Prestamo; Descripcion; Fecha de Firma; Saldo en Moneda de Origen; Saldo en dolares,basesigade 2010-03-31.mdb,03/2010
Tipo de Cambio,False,16,,,,Fecha; Moneda; Descripcion; Tipo de Cambio,basesigade 2010-03-31.mdb,03/2010
Vencimientos de Deuda a Reestructurar,True,570,Principal en dolares,449499717.45381016,449.5,Tipo de Deuda; Nombre de la Operación; Tipo de TAsa; Día; Año; Mes; Moneda de Origen; Descripcion; Fecha de Servicio; Principal en Moneda del Prestamo; Interes en Moneda del Prestamo; Principal en dolares; Interes en dolares,basesigade 2010-03-31.mdb,03/2010
Vencimientos de Deuda en Situación de Pago Normal,True,11112,Principal en dolares,145220430169.6691,145220.4,Tipo de Deuda; Nombre de la Operacion; Día; Año; Mes; Tipo de TAsa; Moneda de Origen; Descripcion; Fecha de Servicio; Principal en Moneda del Prestamo; Interes en Moneda del Prestamo; Principal en dolares; Interes en dolares,basesigade 2010-03-31.mdb,03/2010
Atrasos,False,10497,Monto en Moneda de Origen,171759122868.0763,171759.1,Tipo de Deuda; Nombre de la Operación; Moneda del Prestamo; Descripcion; Fecha de Servicio; TIPO MORA; Monto en Moneda de Origen; dolares,basesigade 2010-06-30.mdb,06/2010
Deuda no Presentada al Canje no Vencida,True,150,Saldo en dolares,3057490982.5340323,3057.5,Tipo de Deuda; Nombre de la Operación; Moneda del Prestamo; Descripcion; Tipo de Tasa; Fecha de Firma; Saldo en Moneda del Prestamo; Saldo en dolares; BOLETIN,basesigade 2010-06-30.mdb,06/2010
Deuda no Presentada al Canje Vencida,True,4302,Monto en Dolares,13421202403.399025,13421.2,Tipo de Deuda; Nombre de la Operación; Fecha de Servicio; Moneda del Tramo; Descripcion; TIPO MORA; Monto en Moneda de Origen; Monto en Dolares,basesigade 2010-06-30.mdb,06/2010
Saldos,True,486,Saldo en dolares,153845298216.13202,153845.3,Clasificación de la Deuda; Tipo de Deuda; Nombre de la Operacion; Tipo de Tasa; Moneda del Prestamo; Descripcion; Fecha de Firma; Saldo en Moneda de Origen; Saldo en dolares,basesigade 2010-06-30.mdb,06/2010
Tipo de Cambio,False,16,,,,Fecha; Moneda; Descripcion; Tipo de Cambio,basesigade 2010-06-30.mdb,06/2010
Vencimientos de Deuda a Reestructurar,True,540,Principal en dolares,438220904.2277256,438.2,Tipo de Deuda; Nombre de la Operación; Tipo de Tasa; Día; Año; Mes; Moneda de Origen; Descripcion; Fecha de Servicio; Principal en Moneda del Prestamo; Interes en Moneda del Prestamo; Principal en dolares; Interes en dolares,basesigade 2010-06-30.mdb,06/2010
Vencimientos de Deuda en Situación de Pago Normal,True,11046,Principal en dolares,150349586287.13635,150349.6,Tipo de Deuda; Nombre de la Operacion; Día; Año; Mes; Tipo de TAsa; Moneda de Origen; Descripcion; Fecha de Servicio; Principal en Moneda del Prestamo; Interes en Moneda del Prestamo; Principal en dolares; Interes en dolares,basesigade 2010-06-30.mdb,06/2010
Atrasos,False,8109,Monto en M de Origen,162162727439.07806,162162.7,Tipo de Deuda; Nombre de la Operación; Moneda del Prestamo; Descripción; Fecha de Servicio; TIPO MORA; Monto en M de Origen; dólares,basesigade 2010-09-30.mdb,09/2010
Deuda no Presentada al Canje no Vencida,True,151,Saldo en dólares,2581086838.5743384,2581.1,Tipo de Deuda; Nombre de la Operación; Moneda del Prestamo; Descripción; Tipo de Tasa; Fecha de Firma; Saldo en Moneda del Prestamo; Saldo en dólares,basesigade 2010-09-30.mdb,09/2010
Deuda no Presentada al Canje Vencida,True,2768,Saldo en dólares,8608202838.906176,8608.2,Tipo de Deuda; Nombre de la Operación; Fecha de Servicio; Moneda del Tramo; Descripción; Tipo de Mora; Monto en Moneda de Origen; Saldo en dólares,basesigade 2010-09-30.mdb,09/2010
Saldos,True,476,Saldo en dólares,157165687753.70712,157165.7,Clasificación de la Deuda; Tipo de Deuda; Nombre de la Operación; Tipo de Tasa; Moneda del Prestamo; Descripción; Fecha de Firma; Saldo en Moneda de Origen; Saldo en dólares,basesigade 2010-09-30.mdb,09/2010
Tipo de Cambio,False,16,,,,Fecha; Moneda; Descripción; Tipo de Cambio,basesigade 2010-09-30.mdb,09/2010
Vencimientos de Deuda a Reestructurar,True,520,Principal en dólares,424376767.9122938,424.4,Tipo de Deuda; Nombre de la Operación; Tipo de Tasa; Día; Año; Mes; Moneda de Origen; Descripción; Fecha de Servicio; Principal en Moneda del Prestamo; Interes en Moneda del Prestamo; Principal en dólares; Interes en dólares,basesigade 2010-09-30.mdb,09/2010
Vencimientos de Deuda en situación de Pago Normal,True,11100,Principal en dólares,154160224101.21432,154160.2,Tipo de Deuda; Nombre de la Operación; Día; Año; Mes; Tipo de Tasa; Moneda de Origen; Descripción; Fecha de Servicio; Principal en Moneda del Prestamo; Interes en Moneda del Prestamo; Principal en dólares; Interes en dólares,basesigade 2010-09-30.mdb,09/2010
Atrasos,False,8158,Monto en Dolares,14971760302.149942,14971.8,Tipo de Deuda; Nombre de la Operación; Moneda del Prestamo; Descripcion; Fecha de Servicio; Tipo de Mora; Monto en M de Origen; Monto en Dolares,basesigade 2010-12-31.mdb,12/2010
Deuda no Presentada al canje no vencida,True,20,Saldo en dólares,2576171623.5176287,2576.2,Tipo de Deuda; Nombre de la Operación; Moneda del Prestamo; Descripción; Tipo de Tasa; Fecha de Firma; Saldo en Moneda del Prestamo; Saldo en dólares,basesigade 2010-12-31.mdb,12/2010
Deuda no Presentada al Canje Vencida,True,2799,Monto en dolares,8642148096.844967,8642.1,Tipo de Deuda; Nombre de la Operación; Fecha de Servicio; Moneda del Tramo; Descripcion; Tipos de Mora; Monto en M de Origen; Monto en dolares,basesigade 2010-12-31.mdb,12/2010
Saldos,True,479,Saldo en Dólares,160576967054.34216,160577.0,Clasificación de la Deuda; Tipo de Deuda; Nombre de la Operacion; Tipo de Tasa; Moneda del Prestamo; Descripción; Fecha de Firma; Saldo en Moneda de Origen; Saldo en Dólares,basesigade 2010-12-31.mdb,12/2010
Tipo de Cambio,False,16,,,,Fecha; Moneda; Descripción; Tipo de Cambio,basesigade 2010-12-31.mdb,12/2010
Vencimientos de la Deuda a Reestructurar,True,506,Principal en dolares,418861847.82320064,418.9,Tipo de Deuda; Nombre de la Operación; Tipo de TAsa; Día; Año; Mes; Moneda de Origen; Descripcion; Fecha de Servicio; Principal en Moneda del Prestamo; Interes en Moneda del Prestamo; Principal en dolares; Interes en dolares,basesigade 2010-12-31.mdb,12/2010
Vencimientos de la Deuda Sit de Pago Normal,True,11102,Principal en dolares,157581933543.46854,157581.9,Tipo de Deuda; Nombre de la Operacion; Día; Año; Mes; Tipo de TAsa; Moneda de Origen; Descripcion; Fecha de Servicio; Principal en Moneda del Prestamo; Interes en Moneda del Prestamo; Principal en dolares; Interes en dolares,basesigade 2010-12-31.mdb,12/2010
Atrasos de Deuda a Reestructurar,True,3237,Monto en Dolares,6472629500.307219,6472.6,Tipo de Deuda; Nombre de la Operación; Moneda del Prestamo; Fecha de Servicio; TIPO MORA; Monto en M de Origen; Monto en Dolares,basesigade 2011-03-31.mdb,03/2011
Atrasos de Deuda no Presentada al Canje,True,2808,Monto en M de Origen,11651463950.23,11651.5,Tipo de Deuda; Nombre de la Operación; Fecha de Servicio; Moneda del Tramo; TIPO MORA; Monto en M de Origen; Dólares,basesigade 2011-03-31.mdb,03/2011
Saldos de Deuda a Reestructurar,True,35,Saldo en dólares,397884412.7328706,397.9,Clasificación de la Deuda; Tipo de Deuda; Nombre de la Operacion; Tipo de Tasa; Moneda del Prestamo; Fecha de Firma; Saldo en Moneda de Origen; Saldo en dólares,basesigade 2011-03-31.mdb,03/2011
Saldos de Deuda en Situación de Pago Normal,True,424,Saldo en dólares,166276569850.1486,166276.6,Clasificación de la Deuda; Tipo de Deuda; Nombre de la Operacion; Tipo de Tasa; Moneda del Prestamo; Fecha de Firma; Saldo en Moneda de Origen; Saldo en dólares,basesigade 2011-03-31.mdb,03/2011
Saldos de Deuda no Presentada al Canje,True,20,Saldo en dolares,2571357387.03072,2571.4,Clasificación de la Deuda; Tipo de Deuda; Nombre de la Operacion; Tipo de Tasa; Moneda del Prestamo; Fecha de Firma; Saldo en Moneda de Origen; Saldo en dolares,basesigade 2011-03-31.mdb,03/2011
Tipo de Cambio,False,16,,,,Fecha; Moneda; Descripcion; Tipo de Cambio,basesigade 2011-03-31.mdb,03/2011
Vencimientos de la Deuda Situación de Pago Normal,True,10793,Principal en dolares,166276569818.4188,166276.6,Tipo de Deuda; Nombre de la Operacion; Día; Año; Mes; Tipo de TAsa; Moneda de Origen; Fecha de Servicio; Principal en Moneda del Prestamo; Interes en Moneda del Prestamo; Principal en dolares; Interes en dolares,basesigade 2011-03-31.mdb,03/2011
Atrasos de Deuda a Reestructurar,True,3261,Monto en M de Origen,150836707788.23898,150836.7,Tipo de Deuda; Nombre de la Operación; Moneda del Prestamo; Descripción; Fecha de Servicio; Tipo de Mora; Monto en M de Origen; Monto en dólares,basesigade 2011-06-30.mdb,06/2011
Atrasos de Deuda no Presentada al Canje,True,2824,Monto en M de Origen,11807855599.680008,11807.9,Tipo de Deuda; Nombre de la Operación; Moneda del Prestamo; Descripción; Fecha de Servicio; Tipo de Mora; Monto en M de Origen; Monto en Dólares,basesigade 2011-06-30.mdb,06/2011
Saldos de Deuda a Reestructurar,True,35,Saldo  en Dólares,392434873.0218084,392.4,Tipo de Deuda; Nombre de la Operación; Tipo de Tasa; Moneda del Prestamo; Descripción; Fecha de Firma; Saldo en Moneda de Origen; Saldo  en Dólares,basesigade 2011-06-30.mdb,06/2011
Saldos de Deuda en Situación de Pago Normal,True,425,Saldo en Dólares,169565904446.61398,169565.9,Tipo de Deuda; Nombre de la Operación; Tipo de Tasa; Moneda del Prestamo; Descripción; Fecha de Firma; Saldo en Moneda de Origen; Saldo en Dólares,basesigade 2011-06-30.mdb,06/2011
Saldos de Deuda no Presentada al Canje,True,19,Saldo  en Dólares,2478864461.360995,2478.9,Tipo de Deuda; Nombre de la Operación; Tipo de Tasa; Moneda del Prestamo; Descripción; Fecha de Firma; Saldo en Moneda de Origen; Saldo  en Dólares,basesigade 2011-06-30.mdb,06/2011
Tipo de Cambio,False,16,,,,Fecha; Moneda; Descripción; Tipo de Cambio,basesigade 2011-06-30.mdb,06/2011
Vencimientos de la Deuda en Situación de Pago Normal,True,10682,Principal en dólares,169565904448.72525,169565.9,Tipo de Deuda; Nombre de la Operación; Día; Año; Mes; Tipo de Tasa; Moneda de Origen; Descripción; Fecha de Servicio; Principal en Moneda del Prestamo; Interes en Moneda del Prestamo; Principal en dólares; Interes en dólares,basesigade 2011-06-30.mdb,06/2011
Atrasos de Deuda a Reestructurar,True,3281,Monto en Moneda de Origen,151190443688.91898,151190.4,Tipo de Deuda; Nombre de la Operación; Moneda del Prestamo; Descripción; Fecha de Servicio; Tipo de Mora; Monto en Moneda de Origen; Monto en Dólares,basesigade 2011-09-30.mdb,09/2011
Atrasos de Deuda no Presentada al Canje,True,2841,Monto en Moneda  de Origen,11857573349.61001,11857.6,Tipo de Deuda; Nombre de la Operación; Moneda del Prestamo; Descripción; Fecha de Servicio; Tipo de Mora; Monto en Moneda  de Origen; Monto en Dólares,basesigade 2011-09-30.mdb,09/2011
Saldo de Deuda en Situación de Pago Normal,True,429,Saldo en Dólares,168475155086.5597,168475.2,Tipo de Deuda; Nombre de la Operación; Tipo de Tasa; Moneda del Prestamo; Descripción; Fecha de Firma; Saldo en Moneda de Origen; Saldo en Dólares,basesigade 2011-09-30.mdb,09/2011
Saldo de Deuda no Presentada al Canje,True,19,Saldo en Dólares,2466692841.073804,2466.7,Tipo de Deuda; Nombre de la Operación; Tipo de Tasa; Moneda del Prestamo; Descripción; Fecha de Firma; Saldo en Moneda de Origen; Saldo en Dólares,basesigade 2011-09-30.mdb,09/2011
Saldos de Deuda a Reestructurar,True,31,Saldo en Dólares,369988231.83620155,370.0,Tipo de Deuda; Nombre de la Operación; Tipo de Tasa; Moneda del Prestamo; Descripción; Fecha de Firma; Saldo en Moneda de Origen; Saldo en Dólares,basesigade 2011-09-30.mdb,09/2011
Tipos de Cambio,False,16,,,,Fecha; Moneda; Descripción; Tipo de Cambio,basesigade 2011-09-30.mdb,09/2011
Vencimientos de la Deuda en Situación de Pago Normal,True,10748,Principal en Dólares,168475155086.36484,168475.2,Tipo de Deuda; Nombre de la Operación; Día; Año; Mes; Tipo de Tasa; Moneda de Origen; Descripción; Fecha de Servicio; Principal en Moneda del Prestamo; Interes en Moneda del Prestamo; Principal en Dólares; Interes en Dólares,basesigade 2011-09-30.mdb,09/2011
Atrasos de Deuda a Reestructurar,True,3260,Saldo en Dólares,6241294123.454483,6241.3,Tipo de Deuda; Nombre de la Operación; Moneda del Prestamo; Descripción; Fecha de Servicio; Tipo de Mora; Saldo en Moneda de Origen; Saldo en Dólares,basesigade 2011-12-31.mdb,12/2011
Atrasos de Deuda no Presentada al Canje,True,2854,Saldo en Dólares,8714096218.94257,8714.1,Tipo de Deuda; Nombre de la Operación; Moneda del Prestamo; Descripción; Fecha de Servicio; Tipo de Mora; Saldo en Moneda  de Origen; Saldo en Dólares,basesigade 2011-12-31.mdb,12/2011
Saldo de Deuda a Reestructurar,True,30,Saldo en Dólares,362253587.57617676,362.3,Clasificación de la Deuda; Nombre de la Operación; Tipo de Tasa; Moneda del Prestamo; Descripción; Fecha de Firma; Saldo en Moneda de Origen; Saldo en Dólares,basesigade 2011-12-31.mdb,12/2011
Saldo de Deuda en Situación de Pago Normal,True,434,Saldo en Dólares,172359317218.97098,172359.3,Clasificación de la Deuda; Nombre de la Operación; Tipo de Tasa; Moneda del Prestamo; Descripcin; Fecha de Firma; Saldo en Moneda de Origen; Saldo en Dólares,basesigade 2011-12-31.mdb,12/2011
Saldo de Deuda no Presentada al Canje,True,21,Saldo en Dólares,2463110531.7670903,2463.1,Clasificación de la Deuda; Nombre de la Operacioón; Tipo de Tasa; Moneda del Prestamo; Descripción; Fecha de Firma; Saldo en Moneda de Origen; Saldo en Dólares,basesigade 2011-12-31.mdb,12/2011
Tipos de Cambio,False,16,,,,Fecha; Moneda; Descripción; Tipo de Cambio,basesigade 2011-12-31.mdb,12/2011
Vencimientos de la Deuda en Situación de Pago Normal,True,10792,Principal en Dólares,172359317178.0709,172359.3,BOLETIN; Nombre de la Operación; Día; Año; Mes; Tipo de TAsa; Moneda de Origen; Descripción; Fecha de Servicio; Principal en Moneda del Prestamo; Interes en Moneda del Prestamo; Principal en Dólares; Interes en Dólares,basesigade 2011-12-31.mdb,12/2011
Atrasos de Deuda a Reestructurar,True,5304,Saldo en Dólares,6206914935.145472,6206.9,Tipo de Deuda; Nombre de la Operación; Moneda del Prestamo; Descripción; Fecha de Servicio; Tipo de Mora; Saldo en Moneda de Origen; Saldo en Dólares,basesigade 2012-03-31.mdb,03/2012
Atrasos de Deuda No Presentada al Canje,True,2868,Saldo en Dólares,8965590056.03074,8965.6,Tipo de Deuda; Nombre de la Operación; Moneda del Prestamo; Descripción; Fecha de Servicio; Tipo de Mora; Saldo en Moneda  de Origen; Saldo en Dólares,basesigade 2012-03-31.mdb,03/2012
Saldo de Deuda a Reestructurar,True,27,Saldo en Dólares,350303704.62461466,350.3,Clasificación de la Deuda; Nombre de la Operación; Tipo de Tasa; Moneda del Prestamo; Descripción; Fecha de Firma; Saldo en Moneda de Origen; Saldo en Dólares,basesigade 2012-03-31.mdb,03/2012
Saldo de Deuda en Situación de Pago Normal,True,420,Saldo en Dólares,174600205368.1977,174600.2,Clasificación de la Deuda; Nombre de la Operación; Tipo de Tasa; Moneda del Prestamo; Descripcin; Fecha de Firma; Saldo en Moneda de Origen; Saldo en Dólares,basesigade 2012-03-31.mdb,03/2012
Saldo de Deuda no Presentada al Canje,True,20,Saldo en Dólares,2354406440.8046303,2354.4,Clasificación de la Deuda; Nombre de la Operacioón; Tipo de Tasa; Moneda del Prestamo; Descripción; Fecha de Firma; Saldo en Moneda de Origen; Saldo en Dólares,basesigade 2012-03-31.mdb,03/2012
Tipos de Cambio,False,16,,,,Fecha; Moneda; Descripción; Tipo de Cambio,basesigade 2012-03-31.mdb,03/2012
Vencimientos de la Deuda en Situación de Pago Normal,True,10939,Principal en Dólares,174600205336.63586,174600.2,BOLETIN; Nombre de la Operación; Día; Año; Mes; Tipo de TAsa; Moneda de Origen; Descripción; Fecha de Servicio; Principal en Moneda del Prestamo; Interes en Moneda del Prestamo; Principal en Dólares; Interes en Dólares,basesigade 2012-03-31.mdb,03/2012
Atrasos de Deuda a Reestructurar,True,3304,Saldo en Dólares,6124453735.17935,6124.5,Tipo de Deuda; Nombre de la Operación; Moneda del Prestamo; Descripción; Fecha de Servicio; Tipo de Mora; Saldo en Moneda de Origen; Saldo en Dólares,basesigade 2012-06-30.mdb,06/2012
Atrasos de Deuda No Presentada al Canje,True,2882,Saldo en Dólares,8869406371.83276,8869.4,Tipo de Deuda; Nombre de la Operación; Moneda del Prestamo; Descripción; Fecha de Servicio; Tipo de Mora; Saldo en Moneda  de Origen; Saldo en Dólares,basesigade 2012-06-30.mdb,06/2012
Saldo de Deuda a Reestructurar,True,26,Saldo en Dólares,342806169.98547435,342.8,Clasificación de la Deuda; Nombre de la Operación; Tipo de Tasa; Moneda del Prestamo; Descripción; Fecha de Firma; Saldo en Moneda de Origen; Saldo en Dólares,basesigade 2012-06-30.mdb,06/2012
Saldo de Deuda en Situación de Pago Normal,True,417,Saldo en Dólares,176273862555.3187,176273.9,Clasificación de la Deuda; Nombre de la Operación; Tipo de Tasa; Moneda del Prestamo; Descripcin; Fecha de Firma; Saldo en Moneda de Origen; Saldo en Dólares,basesigade 2012-06-30.mdb,06/2012
Saldo de Deuda no Presentada al Canje,True,18,Saldo en Dólares,2345729310.3108926,2345.7,Clasificación de la Deuda; Nombre de la Operacioón; Tipo de Tasa; Moneda del Prestamo; Descripción; Fecha de Firma; Saldo en Moneda de Origen; Saldo en Dólares,basesigade 2012-06-30.mdb,06/2012
Tipos de Cambio,False,15,,,,Fecha; Moneda; Descripción; Tipo de Cambio,basesigade 2012-06-30.mdb,06/2012
Vencimientos de la Deuda en Situación de Pago Normal,True,10701,Principal en Dólares,176273862558.82587,176273.9,BOLETIN; Nombre de la Operación; Día; Año; Mes; Tipo de TAsa; Moneda de Origen; Descripción; Fecha de Servicio; Principal en Moneda del Prestamo; Interes en Moneda del Prestamo; Principal en Dólares; Interes en Dólares,basesigade 2012-06-30.mdb,06/2012
Atrasos de Deuda a Reestructurar,True,3324,Saldo en Dólares,6221915915.543527,6221.9,Tipo de Deuda; Nombre de la Operación; Moneda del Prestamo; Descripción; Fecha de Servicio; Tipo de Mora; Saldo en Moneda de Origen; Saldo en Dólares,basesigade 2012-09-30.mdb,09/2012
Atrasos de Deuda No Presentada al Canje,True,2896,Saldo en Dólares,8964463587.430502,8964.5,Tipo de Deuda; Nombre de la Operación; Moneda del Prestamo; Descripción; Fecha de Servicio; Tipo de Mora; Saldo en Moneda  de Origen; Saldo en Dólares,basesigade 2012-09-30.mdb,09/2012
Saldo de Deuda a Reestructurar,True,26,Saldo en Dólares,335114990.88164544,335.1,Clasificación de la Deuda; Nombre de la Operación; Tipo de Tasa; Moneda del Prestamo; Descripción; Fecha de Firma; Saldo en Moneda de Origen; Saldo en Dólares,basesigade 2012-09-30.mdb,09/2012
Saldo de Deuda en Situación de Pago Normal,True,425,Saldo en Dólares,180588007690.1966,180588.0,Clasificación de la Deuda; Nombre de la Operación; Tipo de Tasa; Moneda del Prestamo; Descripcin; Fecha de Firma; Saldo en Moneda de Origen; Saldo en Dólares,basesigade 2012-09-30.mdb,09/2012
Saldo de Deuda no Presentada al Canje,True,18,Saldo en Dólares,2347940152.841573,2347.9,Clasificación de la Deuda; Nombre de la Operacioón; Tipo de Tasa; Moneda del Prestamo; Descripción; Fecha de Firma; Saldo en Moneda de Origen; Saldo en Dólares,basesigade 2012-09-30.mdb,09/2012
Tipos de Cambio,False,15,,,,Fecha; Moneda; Descripción; Tipo de Cambio,basesigade 2012-09-30.mdb,09/2012
Vencimientos de la Deuda en Situación de Pago Normal,True,10844,Principal en Dólares,180588007662.4965,180588.0,BOLETIN; Nombre de la Operación; Día; Año; Mes; Tipo de Tasa; Moneda de Origen; Descripción; Fecha de Servicio; Principal en Moneda del Prestamo; Interes en Moneda del Prestamo; Principal en Dólares; Interes en Dólares,basesigade 2012-09-30.mdb,09/2012
Atrasos de Deuda a Reestructurar,True,3342,Saldo en Dólares,6108468795.054286,6108.5,Tipo de Deuda; Nombre de la Operación; Moneda del Prestamo; Descripción; Fecha de Servicio; Tipo de Mora; Saldo en Moneda de Origen; Saldo en Dólares,basesigade 2012-12-31.mdb,12/2012
Atrasos de Deuda No Presentada al Canje,True,2912,Saldo en Dólares,9130073683.754593,9130.1,Tipo de Deuda; Nombre de la Operación; Moneda del Prestamo; Descripción; Fecha de Servicio; Tipo de Mora; Saldo en Moneda  de Origen; Saldo en Dólares,basesigade 2012-12-31.mdb,12/2012
Saldo de Deuda a Reestructurar,True,26,Saldo en Dólares,324390514.0354912,324.4,Clasificación de la Deuda; Nombre de la Operación; Tipo de Tasa; Moneda del Prestamo; Descripción; Fecha de Firma; Saldo en Moneda de Origen; Saldo en Dólares,basesigade 2012-12-31.mdb,12/2012
Saldo de Deuda en Situación de Pago Normal,True,433,Saldo en Dólares,191030779358.39197,191030.8,Clasificación de la Deuda; Nombre de la Operación; Tipo de Tasa; Moneda del Prestamo; Descripcin; Fecha de Firma; Saldo en Moneda de Origen; Saldo en Dólares,basesigade 2012-12-31.mdb,12/2012
Saldo de Deuda no Presentada al Canje,True,18,Saldo en Dólares,2351653909.8223324,2351.7,Clasificación de la Deuda; Nombre de la Operacioón; Tipo de Tasa; Moneda del Prestamo; Descripción; Fecha de Firma; Saldo en Moneda de Origen; Saldo en Dólares,basesigade 2012-12-31.mdb,12/2012
Tipos de Cambio,False,15,,,,Fecha; Moneda; Descripción; Tipo de Cambio,basesigade 2012-12-31.mdb,12/2012
Vencimientos de la Deuda en Situación de Pago Normal,True,11346,Principal en Dólares,191030779409.26672,191030.8,BOLETIN; Nombre de la Operación; Día; Año; Mes; Tipo de Tasa; Moneda de Origen; Descripción; Fecha de Servicio; Principal en Moneda del Prestamo; Interes en Moneda del Prestamo; Principal en Dólares; Interes en Dólares,basesigade 2012-12-31.mdb,12/2012
Atrasos de Deuda a Reestructurar,True,3362,Saldo en Dólares,5889292396.120045,5889.3,Tipo de Deuda; Nombre de la Operación; Moneda del Prestamo; Descripción; Fecha de Servicio; Tipo de Mora; Saldo en Moneda de Origen; Saldo en Dólares,basesigade 2013-03-31.mdb,03/2013
Atrasos de Deuda No Presentada al Canje,True,2926,Saldo en Dólares,9066322767.18183,9066.3,Tipo de Deuda; Nombre de la Operación; Moneda del Prestamo; Descripción; Fecha de Servicio; Tipo de Mora; Saldo en Moneda  de Origen; Saldo en Dólares,basesigade 2013-03-31.mdb,03/2013
Saldo de Deuda a Reestructurar,True,24,Saldo en Dólares,314377235.0271765,314.4,Clasificación de la Deuda; Nombre de la Operación; Tipo de Tasa; Moneda del Prestamo; Descripción; Fecha de Firma; Saldo en Moneda de Origen; Saldo en Dólares,basesigade 2013-03-31.mdb,03/2013
Saldo de Deuda en Situación de Pago Normal,True,438,Saldo en Dólares,189090398960.82782,189090.4,Clasificación de la Deuda; Nombre de la Operación; Tipo de Tasa; Moneda del Prestamo; Descripcin; Fecha de Firma; Saldo en Moneda de Origen; Saldo en Dólares,basesigade 2013-03-31.mdb,03/2013
Saldo de Deuda no Presentada al Canje,True,18,Saldo en Dólares,2347530614.239761,2347.5,Clasificación de la Deuda; Nombre de la Operacioón; Tipo de Tasa; Moneda del Prestamo; Descripción; Fecha de Firma; Saldo en Moneda de Origen; Saldo en Dólares,basesigade 2013-03-31.mdb,03/2013
Tipos de Cambio,False,15,,,,Fecha; Moneda; Descripción; Tipo de Cambio,basesigade 2013-03-31.mdb,03/2013
Vencimientos de la Deuda en Situación de Pago Normal,True,11573,Principal en Dólares,189090398967.1974,189090.4,BOLETIN; Nombre de la Operación; Día; Año; Mes; Tipo de Tasa; Moneda de Origen; Descripción; Fecha de Servicio; Principal en Moneda del Prestamo; Interes en Moneda del Prestamo; Principal en Dólares; Interes en Dólares,basesigade 2013-03-31.mdb,03/2013
Atrasos de Deuda a Reestructurar,True,3375,Saldo en Dólares,5850795232.169931,5850.8,Tipo de Deuda; Nombre de la Operación; Moneda del Prestamo; Descripción; Fecha de Servicio; Tipo de Mora; Saldo en Moneda de Origen; Saldo en Dólares,basesigade 2013-06-30.mdb,06/2013
Atrasos de Deuda No Presentada al Canje,True,2940,Saldo en Dólares,9192874116.758364,9192.9,Tipo de Deuda; Nombre de la Operación; Moneda del Prestamo; Descripción; Fecha de Servicio; Tipo de Mora; Saldo en Moneda  de Origen; Saldo en Dólares,basesigade 2013-06-30.mdb,06/2013
Saldo de Deuda a Reestructurar,True,17,Saldo en Dólares,220916585.84268996,220.9,Clasificación de la Deuda; Nombre de la Operación; Tipo de Tasa; Moneda del Prestamo; Descripción; Fecha de Firma; Saldo en Moneda de Origen; Saldo en Dólares,basesigade 2013-06-30.mdb,06/2013
Saldo de Deuda en Situación de Pago Normal,True,434,Saldo en Dólares,190070946487.11258,190070.9,Clasificación de la Deuda; Nombre de la Operación; Tipo de Tasa; Moneda del Prestamo; Descripcin; Fecha de Firma; Saldo en Moneda de Origen; Saldo en Dólares,basesigade 2013-06-30.mdb,06/2013
Saldo de Deuda no Presentada al Canje,True,18,Saldo en Dólares,2349690442.1539907,2349.7,Clasificación de la Deuda; Nombre de la Operacioón; Tipo de Tasa; Moneda del Prestamo; Descripción; Fecha de Firma; Saldo en Moneda de Origen; Saldo en Dólares,basesigade 2013-06-30.mdb,06/2013
Tipos de Cambio,False,15,,,,Fecha; Moneda; Descripción; Tipo de Cambio,basesigade 2013-06-30.mdb,06/2013
Vencimientos de la Deuda en Situación de Pago Normal,True,11454,Principal en Dólares,190070946486.3143,190070.9,BOLETIN; Nombre de la Operación; Día; Año; Mes; Tipo de Tasa; Moneda de Origen; Descripción; Fecha de Servicio; Principal en Moneda del Prestamo; Interes en Moneda del Prestamo; Principal en Dólares; Interes en Dólares,basesigade 2013-06-30.mdb,06/2013
Atrasos de Deuda a Reestructurar,True,3384,Saldo en Dólares,5986838580.018531,5986.8,Tipo de Deuda; Nombre de la Operación; Moneda del Prestamo; Descripción; Fecha de Servicio; Tipo de Mora; Saldo en Moneda de Origen; Saldo en Dólares,basesigade 2013-30-09.mdb,09/2013
Atrasos de Deuda No Presentada al Canje,True,2955,Saldo en Dólares,9349032834.338184,9349.0,Tipo de Deuda; Nombre de la Operación; Moneda del Prestamo; Descripción; Fecha de Servicio; Tipo de Mora; Saldo en Moneda  de Origen; Saldo en Dólares,basesigade 2013-30-09.mdb,09/2013
Saldo de Deuda a Reestructurar,True,17,Saldo en Dólares,217301381.46812904,217.3,Clasificación de la Deuda; Nombre de la Operación; Tipo de Tasa; Moneda del Prestamo; Descripción; Fecha de Firma; Saldo en Moneda de Origen; Saldo en Dólares,basesigade 2013-30-09.mdb,09/2013
Saldo de Deuda en Situación de Pago Normal,True,442,Saldo en Dólares,194805159590.55328,194805.2,Clasificación de la Deuda; Nombre de la Operación; Tipo de Tasa; Moneda del Prestamo; Descripcin; Fecha de Firma; Saldo en Moneda de Origen; Saldo en Dólares,basesigade 2013-30-09.mdb,09/2013
Saldo de Deuda no Presentada al Canje,True,18,Saldo en Dólares,2355234491.4133787,2355.2,Clasificación de la Deuda; Nombre de la Operacioón; Tipo de Tasa; Moneda del Prestamo; Descripción; Fecha de Firma; Saldo en Moneda de Origen; Saldo en Dólares,basesigade 2013-30-09.mdb,09/2013
Tipos de Cambio,False,15,,,,Fecha; Moneda; Descripción; Tipo de Cambio,basesigade 2013-30-09.mdb,09/2013
Vencimientos de la Deuda en Situación de Pago Normal,True,11419,Principal en Dólares,194805159634.46555,194805.2,BOLETIN; Nombre de la Operación; Día; Año; Mes; Tipo de Tasa; Moneda de Origen; Descripción; Fecha de Servicio; Principal en Moneda del Prestamo; Interes en Moneda del Prestamo; Principal en Dólares; Interes en Dólares,basesigade 2013-30-09.mdb,09/2013
Atrasos de Deuda a Reestructurar,True,3400,Saldo en Dólares,5935668316.405155,5935.7,Tipo de Deuda; Nombre de la Operación; Moneda del Prestamo; Descripción; Fecha de Servicio; Tipo de Mora; Saldo en Moneda de Origen; Saldo en Dólares,basesigade 2013-31-12.mdb,12/2013
Atrasos de Deuda no Presentada al Canje,True,2970,Saldo en Dólares,9480107230.043686,9480.1,Tipo de Deuda; Nombre de la Operación; Moneda del Prestamo; Descripción; Fecha de Servicio; Tipo de Mora; Saldo en Moneda  de Origen; Saldo en Dólares,basesigade 2013-31-12.mdb,12/2013
Saldo de Deuda a Reestructurar,True,17,Saldo en Dólares,212521067.3538526,212.5,Clasificación de la Deuda; Nombre de la Operación; Tipo de Tasa; Moneda del Prestamo; Descripción; Fecha de Firma; Saldo en Moneda de Origen; Saldo en Dólares,basesigade 2013-31-12.mdb,12/2013
Saldo de Deuda en Situación de Pago Normal,True,473,Saldo en Dólares,196481382952.91602,196481.4,Clasificación de la Deuda; Nombre de la Operación; Tipo de Tasa; Moneda del Prestamo; Descripcin; Fecha de Firma; Saldo en Moneda de Origen; Saldo en Dólares,basesigade 2013-31-12.mdb,12/2013
Saldo de Deuda no Presentada al Canje,True,18,Saldo en Dólares,2357640299.164812,2357.6,Clasificación de la Deuda; Nombre de la Operacioón; Tipo de Tasa; Moneda del Prestamo; Descripción; Fecha de Firma; Saldo en Moneda de Origen; Saldo en Dólares,basesigade 2013-31-12.mdb,12/2013
Tipos de Cambio,False,16,,,,Fecha; Moneda; Descripción; Tipo de Cambio,basesigade 2013-31-12.mdb,12/2013
Vencimientos de la Deuda en Situación de Pago Normal,True,11709,Principal en Dólares,196481382940.76743,196481.4,BOLETIN; Nombre de la Operación; Día; Año; Mes; Tipo de Tasa; Moneda de Origen; Descripción; Fecha de Servicio; Principal en Moneda del Prestamo; Interes en Moneda del Prestamo; Principal en Dólares; Interes en Dólares,basesigade 2013-31-12.mdb,12/2013
Atrasos de Deuda a Reestructurar,True,109,Saldo en Dólares,53244341.85434561,53.2,Tipo de Deuda; Nombre de la Operación; Moneda del Prestamo; Descripción; Fecha de Servicio; Tipo de Mora; Saldo en Moneda de Origen; Saldo en Dólares,basesigade 2014-06-30.mdb,06/2014
Atrasos de Deuda no Presentada al Canje,True,2997,Saldo en Dólares,9581562575.578655,9581.6,Tipo de Deuda; Nombre de la Operación; Moneda del Prestamo; Descripción; Fecha de Servicio; Tipo de Mora; Saldo en Moneda  de Origen; Saldo en Dólares,basesigade 2014-06-30.mdb,06/2014
Saldo de Deuda a Reestructurar,True,1,Saldo en Dólares,60464159.7,60.5,Clasificación de la Deuda; Nombre de la Operación; Tipo de Tasa; Moneda del Prestamo; Descripción; Fecha de Firma; Saldo en Moneda de Origen; Saldo en Dólares,basesigade 2014-06-30.mdb,06/2014
Saldo de Deuda en Situación de Pago Normal,True,500,Saldo en Dólares,198749272788.8371,198749.3,Clasificación de la Deuda; Nombre de la Operación; Tipo de Tasa; Moneda del Prestamo; Descripcion; Fecha de Firma; Saldo en Moneda de Origen; Saldo en Dólares,basesigade 2014-06-30.mdb,06/2014
Saldo de Deuda no Presentada al Canje,True,18,Saldo en Dólares,2357032310.537324,2357.0,Clasificación de la Deuda; Nombre de la Operacioón; Tipo de Tasa; Moneda del Prestamo; Descripción; Fecha de Firma; Saldo en Moneda de Origen; Saldo en Dólares,basesigade 2014-06-30.mdb,06/2014
Tipos de Cambio,False,16,,,,Fecha; Moneda; Descripción; Tipo de Cambio,basesigade 2014-06-30.mdb,06/2014
Vencimientos de la Deuda en Situación de Pago Normal,True,11706,Principal en Dólares,198749273009.0681,198749.3,BOLETIN; Nombre de la Operación; Día; Año; Mes; Tipo de Tasa; Moneda de Origen; Descripción; Fecha de Servicio; Principal en Moneda del Prestamo; Interes en Moneda del Prestamo; Principal en Dólares; Interes en Dólares,basesigade 2014-06-30.mdb,06/2014
Atrasos de Deuda a Reestructurar,True,223,Saldo en Dólares,48672540.05999994,48.7,Tipo de Deuda; Nombre de la Operación; Moneda del Prestamo; Descripción; Fecha de Servicio; Tipo de Mora; Saldo en Moneda de Origen; Saldo en Dólares,basesigade 2014-31-12.mdb,12/2014
Atrasos de Deuda no Presentada al Canje,True,3158,Saldo en Dólares,9293070462.879816,9293.1,Tipo de Deuda; Nombre de la Operación; Moneda del Prestamo; Descripción; Fecha de Servicio; Tipo de Mora; Saldo en Moneda  de Origen; Saldo en Dólares,basesigade 2014-31-12.mdb,12/2014
Saldo de Deuda a Reestructurar,True,1,Saldo en Dólares,60464159.7,60.5,Clasificación de la Deuda; Nombre de la Operación; Tipo de Tasa; Moneda del Prestamo; Descripción; Fecha de Firma; Saldo en Moneda de Origen; Saldo en Dólares,basesigade 2014-31-12.mdb,12/2014
Saldo de Deuda en Situación de Pago Normal,True,523,Saldo en Dólares,221638845785.46506,221638.8,Clasificación de la Deuda; Nombre de la Operación; Tipo de Tasa; Moneda del Prestamo; Descripcin; Fecha de Firma; Saldo en Moneda de Origen; Saldo en Dólares,basesigade 2014-31-12.mdb,12/2014
Saldo de Deuda no Presentada al Canje,True,18,Saldo en Dólares,2339616909.69,2339.6,Clasificación de la Deuda; Nombre de la Operacioón; Tipo de Tasa; Moneda del Prestamo; Descripción; Fecha de Firma; Saldo en Moneda de Origen; Saldo en Dólares,basesigade 2014-31-12.mdb,12/2014
Tipos de Cambio,False,16,,,,Fecha; Moneda; Descripción; Tipo de Cambio,basesigade 2014-31-12.mdb,12/2014
Vencimientos de la Deuda en Situación de Pago Normal,True,11682,Principal en Dólares,221638846520.3241,221638.8,BOLETIN; Nombre de la Operación; Día; Año; Mes; Tipo de Tasa; Moneda de Origen; Descripción; Fecha de Servicio; Principal en Moneda del Prestamo; Interes en Moneda del Prestamo; Principal en Dólares; Interes en Dólares,basesigade 2014-31-12.mdb,12/2014
Atrasos de Deuda a Reestructurar,True,109,Saldo en Dólares,45831329.24332333,45.8,Tipo de Deuda; Nombre de la Operación; Moneda del Prestamo; Descripción; Fecha de Servicio; Tipo de Mora; Saldo en Moneda de Origen; Saldo en Dólares,basesigade 2015-30-06.mdb,06/2015
Atrasos de Deuda no Presentada al Canje,True,3054,Saldo en Dólares,9246712572.41759,9246.7,Tipo de Deuda; Nombre de la Operación; Moneda del Prestamo; Descripción; Fecha de Servicio; Tipo de Mora; Saldo en Moneda de Origen; Saldo en Dólares,basesigade 2015-30-06.mdb,06/2015
Saldo de Deuda a Reestructurar,True,1,Saldo en Dólares,60464159.7,60.5,Clasificación de la Deuda; Nombre de la Operación; Tipo de Tasa; Moneda del Prestamo; Descripción; Fecha de Firma; Saldo en Moneda de Origen; Saldo en Dólares,basesigade 2015-30-06.mdb,06/2015
Saldo de Deuda en Situación de Pago Normal,True,500,Saldo en Dólares,226221993879.37698,226222.0,Clasificación de la Deuda; Nombre de la Operación; Tipo de Tasa; Moneda del Prestamo; Descripcin; Fecha de Firma; Saldo en Moneda de Origen; Saldo en Dólares,basesigade 2015-30-06.mdb,06/2015
Saldo de Deuda no Presentada al Canje,True,17,Saldo en Dólares,2249320480.296722,2249.3,Clasificación de la Deuda; Nombre de la Operacioón; Tipo de Tasa; Moneda del Prestamo; Descripción; Fecha de Firma; Saldo en Moneda de Origen; Saldo en Dólares,basesigade 2015-30-06.mdb,06/2015
Tipos de Cambio,False,16,,,,Fecha; Moneda; Descripción; Tipo de Cambio,basesigade 2015-30-06.mdb,06/2015
Vencimientos de la Deuda en Situación de Pago Normal,True,11036,Principal en Dólares,226221994142.27554,226222.0,BOLETIN; Nombre de la Operación; Día; Año; Mes; Tipo de Tasa; Moneda de Origen; Descripción; Fecha de Servicio; Principal en Moneda del Prestamo; Interes en Moneda del Prestamo; Principal en Dólares; Interes en Dólares,basesigade 2015-30-06.mdb,06/2015
Atrasos de Deuda a Reestructurar,True,109,Saldo en Dólares,45874900.39881794,45.9,Tipo de deuda; Nombre de la Operación; Moneda del Prestamo; Descripcion; Fecha de Servicio; TIPO MORA; SumaDeMonto en M de Origen; Saldo en Dólares,basesigade 2015-30-09.mdb,09/2015
Atrasos de Deuda no Presentada al Canje,True,3068,Saldo en Dólares,9299762286.911165,9299.8,Tipo de Deuda; Nombre de la Operación; Moneda del Prestamo; Descripcion; Fecha de Servicio; Tipo de Mora; SumaDeMonto en M de Origen; Saldo en Dólares,basesigade 2015-30-09.mdb,09/2015
Saldo de Deuda a Reestructurar,True,1,Saldo en Dólares,60464159.7,60.5,Clasificación de la Deuda; Nombre de la Operación; Tipo de Tasa; Moneda del Prestamo; Descripción; Fecha de Firma; Saldo en Moneda de Origen; Saldo en Dólares,basesigade 2015-30-09.mdb,09/2015
Saldo de Deuda en Situación de Pago Normal,True,508,Saldo en Dólares,239852762440.04718,239852.8,Clasificación de la Deuda; Nombre de la Operación; Tipo de Tasa; Moneda del Prestamo; Descripcin; Fecha de Firma; Saldo en Moneda de Origen; Saldo en Dólares,basesigade 2015-30-09.mdb,09/2015
Saldo de Deuda no Presentada al Canje,True,17,Saldo en Dólares,2249763424.013433,2249.8,Clasificación de la Deuda; Nombre de la Operacioón; Tipo de Tasa; Moneda del Prestamo; Descripción; Fecha de Firma; Saldo en Moneda de Origen; Saldo en Dólares,basesigade 2015-30-09.mdb,09/2015
Tipos de Cambio,False,16,,,,Fecha; Moneda; Descripción; Tipo de Cambio,basesigade 2015-30-09.mdb,09/2015
Vencimientos de la Deuda en Situación de Pago Normal,True,11163,Principal en Dólares,239852762463.60184,239852.8,BOLETIN; Nombre de la Operación; Día; Año; Mes; Tipo de TAsa; Moneda de Origen; Descripción; Fecha de Servicio; Principal en Moneda del Prestamo; Interes en Moneda del Prestamo; Principal en Dólares; Interes en Dólares,basesigade 2015-30-09.mdb,09/2015
Atrasos de Deuda a Reestructurar,True,109,Saldo en Dólares,44730314.899211824,44.7,Tipo de Deuda; Nombre de la Operación; Moneda del Prestamo; Descripción; Fecha de Servicio; Tipo de Mora; Saldo en Moneda de Origen; Saldo en Dólares,basesigade 2015-31-03.mdb,03/2015
Atrasos de Deuda no Presentada al Canje,True,3039,Saldo en Dólares,8980255106.309967,8980.3,Tipo de Deuda; Nombre de la Operación; Moneda del Prestamo; Descripción; Fecha de Servicio; Tipo de Mora; Saldo en Moneda de Origen; Saldo en Dólares,basesigade 2015-31-03.mdb,03/2015
Saldo de Deuda a Reestructurar,True,1,Saldo en Dólares,60464159.7,60.5,Clasificación de la Deuda; Nombre de la Operación; Tipo de Tasa; Moneda del Prestamo; Descripción; Fecha de Firma; Saldo en Moneda de Origen; Saldo en Dólares,basesigade 2015-31-03.mdb,03/2015
Saldo de Deuda en Situación de Pago Normal,True,519,Saldo en Dólares,219896750242.64017,219896.8,Clasificación de la Deuda; Nombre de la Operación; Tipo de Tasa; Moneda del Prestamo; Descripcin; Fecha de Firma; Saldo en Moneda de Origen; Saldo en Dólares,basesigade 2015-31-03.mdb,03/2015
Saldo de Deuda no Presentada al Canje,True,18,Saldo en Dólares,2324695220.5820436,2324.7,Clasificación de la Deuda; Nombre de la Operacioón; Tipo de Tasa; Moneda del Prestamo; Descripción; Fecha de Firma; Saldo en Moneda de Origen; Saldo en Dólares,basesigade 2015-31-03.mdb,03/2015
Tipos de Cambio,False,16,,,,Fecha; Moneda; Descripción; Tipo de Cambio,basesigade 2015-31-03.mdb,03/2015
Vencimientos de la Deuda en Situación de Pago Normal,True,11427,Principal en Dólares,219896750837.1614,219896.8,BOLETIN; Nombre de la Operación; Día; Año; Mes; Tipo de Tasa; Moneda de Origen; Descripción; Fecha de Servicio; Principal en Moneda del Prestamo; Interes en Moneda del Prestamo; Principal en Dólares; Interes en Dólares,basesigade 2015-31-03.mdb,03/2015
Atrasos de Deuda a Reestructurar,True,109,Saldo en Dólares,43901379.76872235,43.9,Tipo de deuda; Nombre de la Operación; Moneda del Prestamo; Descripcion; Fecha de Servicio; TIPO MORA; SumaDeMonto en M de Origen; Saldo en Dólares,basesigade 2015-31-12.mdb,12/2015
Atrasos de Deuda no Presentada al Canje,True,3082,Saldo en Dólares,9274574935.437248,9274.6,Tipo de Deuda; Nombre de la Operación; Moneda del Prestamo; Descripcion; Fecha de Servicio; Tipo de Mora; SumaDeMonto en M de Origen; Saldo en Dólares,basesigade 2015-31-12.mdb,12/2015
Intereses Compensatorios Acumulados Deuda no Presentada al Canje,True,103,Suma de Suma de Monto en M de Origen,8259548213.355726,8259.5,Etiquetas de fila; Nombre de la Operación; Moneda del Prestamo; Descripción; Suma de Suma de Monto en M de Origen; Suma de Montoen Dólares,basesigade 2015-31-12.mdb,12/2015
Saldo de Deuda a Reestructurar,True,1,Saldo en Dólares,60464159.7,60.5,Clasificación de la Deuda; Nombre de la Operación; Tipo de Tasa; Moneda del Prestamo; Descripción; Fecha de Firma; Saldo en Moneda de Origen; Saldo en Dólares,basesigade 2015-31-12.mdb,12/2015
Saldo de Deuda en Situación de Pago Normal,True,513,Saldo en Dólares,222598838274.34888,222598.8,Clasificación de la Deuda; Nombre de la Operación; Tipo de Tasa; Moneda del Prestamo; Descripcin; Fecha de Firma; Saldo en Moneda de Origen; Saldo en Dólares,basesigade 2015-31-12.mdb,12/2015
Saldo de Deuda no Presentada al Canje,True,16,Saldo en Dólares,2246313855.1144633,2246.3,Clasificación de la Deuda; Nombre de la Operacioón; Tipo de Tasa; Moneda del Prestamo; Descripción; Fecha de Firma; Saldo en Moneda de Origen; Saldo en Dólares,basesigade 2015-31-12.mdb,12/2015
Tipos de Cambio,False,16,,,,Fecha; Moneda; Descripción; Tipo de Cambio,basesigade 2015-31-12.mdb,12/2015
Vencimientos de la Deuda en Situación de Pago Normal,True,11449,Principal en Dólares,222598837771.58002,222598.8,BOLETIN; Nombre de la Operación; Día; Año; Mes; Tipo de Tasa; Moneda de Origen; Descripción; Fecha de Servicio; Principal en Moneda del Prestamo; Interes en Moneda del Prestamo; Principal en Dólares; Interes en Dólares,basesigade 2015-31-12.mdb,12/2015
Atrasos de Deuda a Reestructurar,True,109,Saldo en Dólares,44469285.602609605,44.5,Tipo de deuda; Nombre de la Operación; Moneda del Prestamo; Descripcion; Fecha de Servicio; TIPO MORA; SumaDeMonto en M de Origen; Saldo en Dólares,basesigade 2016-30-06.mdb,06/2016
Atrasos de Deuda no Presentada al Canje,True,3100,Saldo en Dólares,2557389909.2202816,2557.4,Tipo de Deuda; Nombre de la Operación; Moneda del Prestamo; Descripcion; Fecha de Servicio; Tipo de Mora; SumaDeMonto en M de Origen; Saldo en Dólares,basesigade 2016-30-06.mdb,06/2016
Intereses Compensatorios Acumulados Deuda no Presentada al Canje,True,104,Suma de Monto en M de Origen,4263683901.432441,4263.7,Boletín; Nombre de la Operación; Moneda del Prestamo; Descripción; Suma de Monto en M de Origen; Suma de Monto en Dólares,basesigade 2016-30-06.mdb,06/2016
Saldo de Deuda a Reestructurar,True,1,Saldo en Dólares,60464159.7,60.5,Clasificación de la Deuda; Nombre de la Operación; Tipo de Tasa; Moneda del Prestamo; Descripción; Fecha de Firma; Saldo en Moneda de Origen; Saldo en Dólares,basesigade 2016-30-06.mdb,06/2016
Saldo de Deuda en Situación de Pago Normal,True,520,Saldo en Dólares,235959865047.61185,235959.9,Clasificación de la Deuda; Nombre de la Operación; Tipo de Tasa; Moneda del Prestamo; Descripcin; Fecha de Firma; Saldo en Moneda de Origen; Saldo en Dólares,basesigade 2016-30-06.mdb,06/2016
Saldo de Deuda no Presentada al Canje,True,129,Saldo en Dólares,3716685532.965716,3716.7,Clasificación de la Deuda; Nombre de la Operacioón; Tipo de Tasa; Moneda del Prestamo; Descripción; Fecha de Firma; Saldo en Moneda de Origen; Saldo en Dólares,basesigade 2016-30-06.mdb,06/2016
Tipos de Cambio,False,16,,,,Fecha; Moneda; Descripción; Tipo de Cambio,basesigade 2016-30-06.mdb,06/2016
Vencimientos de la Deuda en Situación de Pago Normal,True,11621,Principal en Dólares,235959865109.1249,235959.9,BOLETIN; Nombre de la Operación; Día; Año; Mes; Tipo de Tasa; Moneda de Origen; Descripción; Fecha de Servicio; Principal en Moneda del Prestamo; Interes en Moneda del Prestamo; Principal en Dólares; Interes en Dólares,basesigade 2016-30-06.mdb,06/2016
Atrasos de Deuda a Reestructurar,True,109,Saldo en Dólares,44956312.53751434,45.0,Tipo de deuda; Nombre de la Operación; Moneda del Prestamo; Descripcion; Fecha de Servicio; TIPO MORA; SumaDeMonto en M de Origen; Saldo en Dólares,basesigade 2016-30-09.mdb,09/2016
Atrasos de Deuda no Presentada al Canje,True,1038,Saldo en Dólares,7678383136.812439,7678.4,Tipo de Deuda; Nombre de la Operación; Moneda del Prestamo; Descripcion; Fecha de Servicio; Tipo de Mora; SumaDeMonto en M de Origen; Saldo en Dólares,basesigade 2016-30-09.mdb,09/2016
Intereses Compensatorios Acumulados Deuda no Presentada al Canje,True,104,Suma de Monto en M de Origen,4263683901.460001,4263.7,Boletín; Nombre de la Operación; Moneda del Prestamo; Descripción; Suma de Monto en M de Origen; Suma de Monto en Dólares,basesigade 2016-30-09.mdb,09/2016
Saldo de Deuda a Reestructurar,True,1,Saldo en Dólares,60464159.7,60.5,Clasificación de la Deuda; Nombre de la Operación; Tipo de Tasa; Moneda del Prestamo; Descripción; Fecha de Firma; Saldo en Moneda de Origen; Saldo en Dólares,basesigade 2016-30-09.mdb,09/2016
Saldo de Deuda en Situación de Pago Normal,True,523,Saldo en Dólares,242235885949.96536,242235.9,Clasificación de la Deuda; Nombre de la Operación; Tipo de Tasa; Moneda del Prestamo; Descripcin; Fecha de Firma; Saldo en Moneda de Origen; Saldo en Dólares,basesigade 2016-30-09.mdb,09/2016
Saldo de Deuda no Presentada al Canje,True,16,Saldo en Dólares,1096821363.5722952,1096.8,Clasificación de la Deuda; Nombre de la Operacioón; Tipo de Tasa; Moneda del Prestamo; Descripción; Fecha de Firma; Saldo en Moneda de Origen; Saldo en Dólares,basesigade 2016-30-09.mdb,09/2016
Tipos de Cambio,False,16,,,,Fecha; Moneda; Descripción; Tipo de Cambio,basesigade 2016-30-09.mdb,09/2016
Vencimientos de la Deuda en Situación de Pago Normal,True,11595,Principal en Dólares,242235885952.98743,242235.9,BOLETIN; Nombre de la Operación; Día; Año; Mes; Tipo de Tasa; Moneda de Origen; Descripción; Fecha de Servicio; Principal en Moneda del Prestamo; Interes en Moneda del Prestamo; Principal en Dólares; Interes en Dólares,basesigade 2016-30-09.mdb,09/2016
Atrasos de Deuda a Reestructurar,True,109,Saldo en Dólares,45198001.474601485,45.2,Tipo de deuda; Nombre de la Operación; Moneda del Prestamo; Descripcion; Fecha de Servicio; TIPO MORA; SumaDeMonto en M de Origen; Saldo en Dólares,basesigade 2016-31-03.mdb,03/2016
Atrasos de Deuda no Presentada al Canje,True,3091,Saldo en Dólares,9450187979.357986,9450.2,Tipo de Deuda; Nombre de la Operación; Moneda del Prestamo; Descripcion; Fecha de Servicio; Tipo de Mora; SumaDeMonto en M de Origen; Saldo en Dólares,basesigade 2016-31-03.mdb,03/2016
Intereses Compensatorios Acumulados Deuda no Presentada al Canje,True,104,Suma de Monto en M de Origen,8467404839.388511,8467.4,Etiquetas de fila; Nombre de la Operación; Moneda del Prestamo; Descripción; Suma de Monto en M de Origen; Suma de Montoen Dólares,basesigade 2016-31-03.mdb,03/2016
Saldo de Deuda a Reestructurar,True,1,Saldo en Dólares,60464159.7,60.5,Clasificación de la Deuda; Nombre de la Operación; Tipo de Tasa; Moneda del Prestamo; Descripción; Fecha de Firma; Saldo en Moneda de Origen; Saldo en Dólares,basesigade 2016-31-03.mdb,03/2016
Saldo de Deuda en Situación de Pago Normal,True,510,Saldo en Dólares,217047691107.66464,217047.7,Clasificación de la Deuda; Nombre de la Operación; Tipo de Tasa; Moneda del Prestamo; Descripcin; Fecha de Firma; Saldo en Moneda de Origen; Saldo en Dólares,basesigade 2016-31-03.mdb,03/2016
Saldo de Deuda no Presentada al Canje,True,16,Saldo en Dólares,2251963595.3565507,2252.0,Clasificación de la Deuda; Nombre de la Operacioón; Tipo de Tasa; Moneda del Prestamo; Descripción; Fecha de Firma; Saldo en Moneda de Origen; Saldo en Dólares,basesigade 2016-31-03.mdb,03/2016
Tipos de Cambio,False,16,,,,Fecha; Moneda; Descripción; Tipo de Cambio,basesigade 2016-31-03.mdb,03/2016
Vencimientos de la Deuda en Situación de Pago Normal,True,11434,Principal en Dólares,217047691210.95795,217047.7,BOLETIN; Nombre de la Operación; Día; Año; Mes; Tipo de Tasa; Moneda de Origen; Descripción; Fecha de Servicio; Principal en Moneda del Prestamo; Interes en Moneda del Prestamo; Principal en Dólares; Interes en Dólares,basesigade 2016-31-03.mdb,03/2016
Atrasos de Deuda a Reestructurar,True,109,Saldo en Dólares,42906828.05237436,42.9,Tipo de deuda; Nombre de la Operación; Moneda del Prestamo; Descripcion; Fecha de Servicio; TIPO MORA; SumaDeMonto en M de Origen; Saldo en Dólares,basesigade 2016-31-12.mdb,12/2016
Atrasos de Deuda no Presentada al Canje,True,1051,Saldo en Dólares,7378857749.881263,7378.9,Tipo de Deuda; Nombre de la Operación; Moneda del Prestamo; Descripcion; Fecha de Servicio; Tipo de Mora; SumaDeMonto en M de Origen; Saldo en Dólares,basesigade 2016-31-12.mdb,12/2016
Saldo de Deuda a Reestructurar,True,1,Saldo en Dólares,60464159.7,60.5,Clasificación de la Deuda; Nombre de la Operación; Tipo de Tasa; Moneda del Prestamo; Descripción; Fecha de Firma; Saldo en Moneda de Origen; Saldo en Dólares,basesigade 2016-31-12.mdb,12/2016
Saldo de Deuda en Situación de Pago Normal,True,533,Saldo en Dólares,266874680612.40738,266874.7,Clasificación de la Deuda; Nombre de la Operación; Tipo de Tasa; Moneda del Prestamo; Descripcin; Fecha de Firma; Saldo en Moneda de Origen; Saldo en Dólares,basesigade 2016-31-12.mdb,12/2016
Saldo de Deuda no Presentada al Canje,True,16,Saldo en Dólares,1089219474.0568922,1089.2,Clasificación de la Deuda; Nombre de la Operacioón; Tipo de Tasa; Moneda del Prestamo; Descripción; Fecha de Firma; Saldo en Moneda de Origen; Saldo en Dólares,basesigade 2016-31-12.mdb,12/2016
Tipos de Cambio,False,16,,,,Fecha; Moneda; Descripción; Tipo de Cambio,basesigade 2016-31-12.mdb,12/2016
Vencimientos de la Deuda en Situación de Pago Normal,True,11787,Principal en Dólares,266874680648.29837,266874.7,BOLETIN; Nombre de la Operación; Día; Año; Mes; Tipo de Tasa; Moneda de Origen; Descripción; Fecha de Servicio; Principal en Moneda del Prestamo; Interes en Moneda del Prestamo; Principal en Dólares; Interes en Dólares,basesigade 2016-31-12.mdb,12/2016
Atrasos de Deuda a Reestructurar,True,110,Saldo en Dólares,105995369.72455283,106.0,Tipo de deuda; Nombre de la Operación; Moneda del Prestamo; Descripcion; Fecha de Servicio; TIPO MORA; SumaDeMonto en M de Origen; Saldo en Dólares,basesigade 2017-30-06.mdb,06/2017
Atrasos de Deuda no Presentada al Canje,True,272,Saldo en Dólares,2310034423.519579,2310.0,Tipo de Deuda; Nombre de la Operación; Moneda del Prestamo; Descripcion; Fecha de Servicio; Tipo de Mora; SumaDeMonto en M de Origen; Saldo en Dólares,basesigade 2017-30-06.mdb,06/2017
Saldo de Deuda a Reestructurar,True,0,Saldo en Dólares,,,Clasificación de la Deuda; Nombre de la Operación; Tipo de Tasa; Moneda del Prestamo; Descripción; Fecha de Firma; Saldo en Moneda de Origen; Saldo en Dólares,basesigade 2017-30-06.mdb,06/2017
Saldo de Deuda en Situación de Pago Normal,True,548,Saldo en Dólares,290850665895.49396,290850.7,Clasificación de la Deuda; Nombre de la Operación; Tipo de Tasa; Moneda del Prestamo; Descripcin; Fecha de Firma; Saldo en Moneda de Origen; Saldo en Dólares,basesigade 2017-30-06.mdb,06/2017
Saldo de Deuda no Presentada al Canje,True,16,Saldo en Dólares,522629657.80299604,522.6,Clasificación de la Deuda; Nombre de la Operacioón; Tipo de Tasa; Moneda del Prestamo; Descripción; Fecha de Firma; Saldo en Moneda de Origen; Saldo en Dólares,basesigade 2017-30-06.mdb,06/2017
Tipos de Cambio,False,16,,,,Fecha; Moneda; Descripción; Tipo de Cambio,basesigade 2017-30-06.mdb,06/2017
Vencimientos de la Deuda en Situación de Pago Normal,True,11835,Principal en Dólares,290850665865.45013,290850.7,BOLETIN; Nombre de la Operación; Día; Año; Mes; Tipo de Tasa; Moneda de Origen; Descripción; Fecha de Servicio; Principal en Moneda del Prestamo; Interes en Moneda del Prestamo; Principal en Dólares; Interes en Dólares,basesigade 2017-30-06.mdb,06/2017
Atrasos de Deuda a Reestructurar,True,110,Saldo en Dólares,107072674.16593966,107.1,Tipo de deuda; Nombre de la Operación; Moneda del Prestamo; Descripcion; Fecha de Servicio; TIPO MORA; SumaDeMonto en M de Origen; Saldo en Dólares,basesigade 2017-30-09.mdb,09/2017
Atrasos de Deuda no Presentada al Canje,True,1044,Saldo en Dólares,2341180151.327708,2341.2,Tipo de Deuda; Nombre de la Operación; Moneda del Prestamo; Descripcion; Fecha de Servicio; Tipo de Mora; SumaDeMonto en M de Origen; Saldo en Dólares,basesigade 2017-30-09.mdb,09/2017
Saldo de Deuda a Reestructurar,True,0,Saldo en Dólares,,,Clasificación de la Deuda; Nombre de la Operación; Tipo de Tasa; Moneda del Prestamo; Descripción; Fecha de Firma; Saldo en Moneda de Origen; Saldo en Dólares,basesigade 2017-30-09.mdb,09/2017
Saldo de Deuda en Situación de Pago Normal,True,622,Saldo en Dólares,302736054864.0185,302736.1,Clasificación de la Deuda; Nombre de la Operación; Tipo de Tasa; Moneda del Prestamo; Descripcin; Fecha de Firma; Saldo en Moneda de Origen; Saldo en Dólares,basesigade 2017-30-09.mdb,09/2017
Saldo de Deuda no Presentada al Canje,True,16,Saldo en Dólares,523899178.2466563,523.9,Clasificación de la Deuda; Nombre de la Operacioón; Tipo de Tasa; Moneda del Prestamo; Descripción; Fecha de Firma; Saldo en Moneda de Origen; Saldo en Dólares,basesigade 2017-30-09.mdb,09/2017
Tipos de Cambio,False,16,,,,Fecha; Moneda; Descripción; Tipo de Cambio,basesigade 2017-30-09.mdb,09/2017
Vencimientos de la Deuda en Situación de Pago Normal,True,13137,Principal en Dólares,302736054817.79376,302736.1,BOLETIN; Nombre de la Operación; Día; Año; Mes; Tipo de Tasa; Moneda de Origen; Descripción; Fecha de Servicio; Principal en Moneda del Prestamo; Interes en Moneda del Prestamo; Principal en Dólares; Interes en Dólares,basesigade 2017-30-09.mdb,09/2017
Atrasos de Deuda a Reestructurar,True,110,Saldo en Dólares,103920453.65530865,103.9,Tipo de deuda; Nombre de la Operación; Moneda del Prestamo; Descripcion; Fecha de Servicio; TIPO MORA; SumaDeMonto en M de Origen; Saldo en Dólares,basesigade 2017-31-03.mdb,03/2017
Atrasos de Deuda no Presentada al Canje,True,236,Saldo en Dólares,2466297881.7676926,2466.3,Tipo de Deuda; Nombre de la Operación; Moneda del Prestamo; Descripcion; Fecha de Servicio; Tipo de Mora; SumaDeMonto en M de Origen; Saldo en Dólares,basesigade 2017-31-03.mdb,03/2017
Saldo de Deuda a Reestructurar,True,0,Saldo en Dólares,,,Clasificación de la Deuda; Nombre de la Operación; Tipo de Tasa; Moneda del Prestamo; Descripción; Fecha de Firma; Saldo en Moneda de Origen; Saldo en Dólares,basesigade 2017-31-03.mdb,03/2017
Saldo de Deuda en Situación de Pago Normal,True,527,Saldo en Dólares,281776493716.2968,281776.5,Clasificación de la Deuda; Nombre de la Operación; Tipo de Tasa; Moneda del Prestamo; Descripcin; Fecha de Firma; Saldo en Moneda de Origen; Saldo en Dólares,basesigade 2017-31-03.mdb,03/2017
Saldo de Deuda no Presentada al Canje,True,16,Saldo en Dólares,534070471.93393075,534.1,Clasificación de la Deuda; Nombre de la Operacioón; Tipo de Tasa; Moneda del Prestamo; Descripción; Fecha de Firma; Saldo en Moneda de Origen; Saldo en Dólares,basesigade 2017-31-03.mdb,03/2017
Tipos de Cambio,False,16,,,,Fecha; Moneda; Descripción; Tipo de Cambio,basesigade 2017-31-03.mdb,03/2017
Vencimientos de la Deuda en Situación de Pago Normal,True,11554,Principal en Dólares,281776493761.2553,281776.5,BOLETIN; Nombre de la Operación; Día; Año; Mes; Tipo de Tasa; Moneda de Origen; Descripción; Fecha de Servicio; Principal en Moneda del Prestamo; Interes en Moneda del Prestamo; Principal en Dólares; Interes en Dólares,basesigade 2017-31-03.mdb,03/2017
Atrasos de Deuda a Reestructurar,True,110,Saldo en Dólares,107431948.79553269,107.4,Tipo de deuda; Nombre de la Operación; Moneda del Prestamo; Descripcion; Fecha de Servicio; TIPO MORA; SumaDeMonto en M de Origen; Saldo en Dólares,basesigade 2017-31-12.mdb,12/2017
Atrasos de Deuda no Presentada al Canje,True,1044,Saldo en Dólares,2352042680.1738796,2352.0,Tipo de Deuda; Nombre de la Operación; Moneda del Prestamo; Descripcion; Fecha de Servicio; Tipo de Mora; SumaDeMonto en M de Origen; Saldo en Dólares,basesigade 2017-31-12.mdb,12/2017
Saldo de Deuda a Reestructurar,True,0,Saldo en Dólares,,,Clasificación de la Deuda; Nombre de la Operación; Tipo de Tasa; Moneda del Prestamo; Descripción; Fecha de Firma; Saldo en Moneda de Origen; Saldo en Dólares,basesigade 2017-31-12.mdb,12/2017
Saldo de Deuda en Situación de Pago Normal,True,641,Saldo en Dólares,317950840871.9391,317950.8,Clasificación de la Deuda; Nombre de la Operación; Tipo de Tasa; Moneda del Prestamo; Descripcin; Fecha de Firma; Saldo en Moneda de Origen; Saldo en Dólares,basesigade 2017-31-12.mdb,12/2017
Saldo de Deuda no Presentada al Canje,True,16,Saldo en Dólares,524467811.00357616,524.5,Clasificación de la Deuda; Nombre de la Operacioón; Tipo de Tasa; Moneda del Prestamo; Descripción; Fecha de Firma; Saldo en Moneda de Origen; Saldo en Dólares,basesigade 2017-31-12.mdb,12/2017
Tipos de Cambio,False,17,,,,Fecha; Moneda; Descripción; Tipo de Cambio,basesigade 2017-31-12.mdb,12/2017
Vencimientos de la Deuda en Situación de Pago Normal,True,13602,Principal en Dólares,317950840822.9127,317950.8,BOLETIN; Nombre de la Operación; Día; Año; Mes; Tipo de Tasa; Moneda de Origen; Descripción; Fecha de Servicio; Principal en Moneda del Prestamo; Interes en Moneda del Prestamo; Principal en Dólares; Interes en Dólares,basesigade 2017-31-12.mdb,12/2017
Deuda a Reestructurar,True,110,Saldo en Dólares,105715633.05867787,105.7,Tipo de deuda; Nombre de la Operación; Moneda del Prestamo; Descripcion; Fecha de Servicio; TIPO MORA; SumaDeMonto en M de Origen; Saldo en Dólares,basesigade 2018-30-06.mdb,06/2018
Deuda elegible pendiente de reestructuración,False,1044,Saldo en Dólares,2827540680.8396707,2827.5,Tipo de Deuda; Nombre de la Operación; Moneda del Prestamo; Descripcion; Fecha de Servicio; Servicio; SumaDeMonto en M de Origen; Saldo en Dólares,basesigade 2018-30-06.mdb,06/2018
Saldo de Deuda en Situación de Pago Normal,True,629,Saldo en Dólares,324233482052.8617,324233.5,Clasificación de la Deuda; Nombre de la Operación; Tipo de Tasa; Moneda del Prestamo; Descripcin; Fecha de Firma; Saldo en Moneda de Origen; Saldo en Dólares,basesigade 2018-30-06.mdb,06/2018
Tipos de Cambio,False,19,,,,Fecha; Moneda; Descripción; Tipo de Cambio,basesigade 2018-30-06.mdb,06/2018
Vencimientos de la Deuda en Situación de Pago Normal,True,13652,Principal en Dólares,324233482172.3921,324233.5,BOLETIN; Nombre de la Operación; Día; Año; Mes; Tipo de Tasa; Moneda de Origen; Descripción; Fecha de Servicio; Principal en Moneda del Prestamo; Interes en Moneda del Prestamo; Principal en Dólares; Interes en Dólares,basesigade 2018-30-06.mdb,06/2018
Deuda a Reestructurar,True,110,Saldo en Dólares,104990058.60190332,105.0,Tipo de deuda; Nombre de la Operación; Moneda del Prestamo; Descripcion; Fecha de Servicio; TIPO MORA; SumaDeMonto en M de Origen; Saldo en Dólares,basesigade 2018-30-09.mdb,09/2018
Deuda elegible pendiente de reestructuración,False,1044,Saldo en Dólares,2805261228.987928,2805.3,Tipo de Deuda; Nombre de la Operación; Moneda del Prestamo; Descripcion; Fecha de Servicio; Servicio; SumaDeMonto en M de Origen; Saldo en Dólares,basesigade 2018-30-09.mdb,09/2018
Saldo de Deuda en Situación de Pago Normal,True,626,Saldo en Dólares,304746207934.7656,304746.2,Clasificación de la Deuda; Nombre de la Operación; Tipo de Tasa; Moneda del Prestamo; Descripcin; Fecha de Firma; Saldo en Moneda de Origen; Saldo en Dólares,basesigade 2018-30-09.mdb,09/2018
Tipos de Cambio,False,19,,,,Fecha; Moneda; Descripción; Tipo de Cambio,basesigade 2018-30-09.mdb,09/2018
Vencimientos de la Deuda en Situación de Pago Normal,True,13560,Principal en Dólares,304746207932.832,304746.2,BOLETIN; Nombre de la Operación; Día; Año; Mes; Tipo de Tasa; Moneda de Origen; Descripción; Fecha de Servicio; Principal en Moneda del Prestamo; Interes en Moneda del Prestamo; Principal en Dólares; Interes en Dólares,basesigade 2018-30-09.mdb,09/2018
Deuda a Reestructurar,True,110,Saldo en Dólares,108246646.43851285,108.2,Tipo de deuda; Nombre de la Operación; Moneda del Prestamo; Descripcion; Fecha de Servicio; TIPO MORA; SumaDeMonto en M de Origen; Saldo en Dólares,basesigade 2018-31-03.mdb,03/2018
Deuda elegible pendiente de reestructuración,False,1044,Saldo en Dólares,2903908335.105699,2903.9,Tipo de Deuda; Nombre de la Operación; Moneda del Prestamo; Descripcion; Fecha de Servicio; Servicio; SumaDeMonto en M de Origen; Saldo en Dólares,basesigade 2018-31-03.mdb,03/2018
Saldo de Deuda en Situación de Pago Normal,True,637,Saldo en Dólares,328469017732.90875,328469.0,Clasificación de la Deuda; Nombre de la Operación; Tipo de Tasa; Moneda del Prestamo; Descripcin; Fecha de Firma; Saldo en Moneda de Origen; Saldo en Dólares,basesigade 2018-31-03.mdb,03/2018
Tipos de Cambio,False,17,,,,Fecha; Moneda; Descripción; Tipo de Cambio,basesigade 2018-31-03.mdb,03/2018
Vencimientos de la Deuda en Situación de Pago Normal,True,13441,Principal en Dólares,328469017689.2544,328469.0,BOLETIN; Nombre de la Operación; Día; Año; Mes; Tipo de Tasa; Moneda de Origen; Descripción; Fecha de Servicio; Principal en Moneda del Prestamo; Interes en Moneda del Prestamo; Principal en Dólares; Interes en Dólares,basesigade 2018-31-03.mdb,03/2018
Deuda a Reestructurar,True,110,Saldo en Dólares,104835128.19105786,104.8,Tipo de deuda; Nombre de la Operación; Moneda del Prestamo; Descripcion; Fecha de Servicio; TIPO MORA; SumaDeMonto en M de Origen; Saldo en Dólares,basesigade 2018-31-12.mdb,12/2018
Deuda elegible pendiente de reestructuración,False,1044,Saldo en Dólares,2805421725.001059,2805.4,Tipo de Deuda; Nombre de la Operación; Moneda del Prestamo; Descripcion; Fecha de Servicio; Servicio; SumaDeMonto en M de Origen; Saldo en Dólares,basesigade 2018-31-12.mdb,12/2018
Saldo de Deuda en Situación de Pago Normal,True,721,Saldo en Dólares,329281546307.53015,329281.5,Clasificación de la Deuda; Nombre de la Operación; Tipo de Tasa; Moneda del Prestamo; Descripcin; Fecha de Firma; Saldo en Moneda de Origen; Saldo en Dólares,basesigade 2018-31-12.mdb,12/2018
Tipos de Cambio,False,19,,,,Fecha; Moneda; Descripción; Tipo de Cambio,basesigade 2018-31-12.mdb,12/2018
Vencimientos de la Deuda en Situación de Pago Normal,True,15717,Principal en Dólares,329281546267.218,329281.5,BOLETIN; Nombre de la Operación; Día; Año; Mes; Tipo de Tasa; Moneda de Origen; Descripción; Fecha de Servicio; Principal en Moneda del Prestamo; Interes en Moneda del Prestamo; Principal en Dólares; Interes en Dólares,basesigade 2018-31-12.mdb,12/2018
